CRASH DATE,CRASH TIME,BOROUGH,ZIP CODE,LATITUDE,LONGITUDE,LOCATION,ON STREET NAME,CROSS STREET NAME,OFF STREET NAME,NUMBER OF PERSONS INJURED,NUMBER OF PERSONS KILLED,NUMBER OF PEDESTRIANS INJURED,NUMBER OF PEDESTRIANS KILLED,NUMBER OF CYCLIST INJURED,NUMBER OF CYCLIST KILLED,NUMBER OF MOTORIST INJURED,NUMBER OF MOTORIST KILLED,CONTRIBUTING FACTOR VEHICLE 1,CONTRIBUTING FACTOR VEHICLE 2,CONTRIBUTING FACTOR VEHICLE 3,CONTRIBUTING FACTOR VEHICLE 4,CONTRIBUTING FACTOR VEHICLE 5,COLLISION_ID,VEHICLE TYPE CODE 1,VEHICLE TYPE CODE 2,VEHICLE TYPE CODE 3,VEHICLE TYPE CODE 4,VEHICLE TYPE CODE 5
06/20/2023,22:18,,,,,,KNAPP STREET,SHORE PARKWAY,,0,0,0,0,0,0,0,0,Unspecified,Unspecified,,,,4639340,Sedan,Station Wagon/Sport Utility Vehicle,,,
06/20/2023,12:00,,,,,,HYLAN BOULEVARD,TOMPKINS AVENUE,,1,0,1,0,0,0,0,0,Driver Inattention/Distraction,,,,,4639511,Sedan,,,,
06/20/2023,16:15,,,40.715076,-73.95189,"(40.715076, -73.95189)",BROOKLYN QUEENS EXPRESSWAY,,,0,0,0,0,0,0,0,0,Driver Inexperience,Unspecified,,,,4639372,Box Truck,Station Wagon/Sport Utility Vehicle,,,
06/20/2023,0:00,MANHATTAN,10018,40.752934,-73.9855,"(40.752934, -73.9855)",WEST 39 STREET,AVENUE OF THE AMERICAS,,1,0,0,0,0,0,1,0,Unspecified,,,,,4639572,Sedan,,,,
06/20/2023,10:15,BROOKLYN,11218,40.646378,-73.97085,"(40.646378, -73.97085)",CHURCH AVENUE,CONEY ISLAND AVENUE,,0,0,0,0,0,0,0,0,Oversized Vehicle,Unspecified,,,,4639468,Sedan,Box Truck,,,
06/20/2023,0:30,,,40.751858,-73.80798,"(40.751858, -73.80798)",LABURNUM AVENUE,,,2,0,0,0,0,0,2,0,Traffic Control Disregarded,Unspecified,Unspecified,,,4639101,Station Wagon/Sport Utility Vehicle,Sedan,Station Wagon/Sport Utility Vehicle,,
06/20/2023,19:20,,,40.819374,-73.95933,"(40.819374, -73.95933)",WEST 132 STREET,,,0,0,0,0,0,0,0,0,Failure to Keep Right,Unspecified,,,,4639422,Station Wagon/Sport Utility Vehicle,Bus,,,
06/20/2023,19:38,,,40.768303,-73.89962,"(40.768303, -73.89962)",DITMARS BOULEVARD,,,1,0,0,0,0,0,1,0,Traffic Control Disregarded,Unspecified,,,,4639709,Station Wagon/Sport Utility Vehicle,Station Wagon/Sport Utility Vehicle,,,
06/20/2023,17:20,QUEENS,11692,40.59302,-73.793274,"(40.59302, -73.793274)",BEACH CHANNEL DRIVE,BEACH 64 STREET,,0,0,0,0,0,0,0,0,Following Too Closely,Unspecified,,,,4639513,Sedan,Box Truck,,,
06/20/2023,12:00,BROOKLYN,11226,40.644463,-73.94792,"(40.644463, -73.94792)",CORTELYOU ROAD,EAST 31 STREET,,0,0,0,0,0,0,0,0,Unspecified,,,,,4639782,Station Wagon/Sport Utility Vehicle,,,,
06/20/2023,8:19,BROOKLYN,11222,40.723274,-73.937416,"(40.723274, -73.937416)",ANTHONY STREET,VANDERVORT AVENUE,,0,0,0,0,0,0,0,0,Passing Too Closely,Driver Inattention/Distraction,,,,4639182,Sedan,Box Truck,,,
06/20/2023,12:46,BROOKLYN,11207,40.673115,-73.88762,"(40.673115, -73.88762)",PITKIN AVENUE,BARBEY STREET,,2,0,0,0,0,0,2,0,Unspecified,Unspecified,,,,4639533,Station Wagon/Sport Utility Vehicle,Station Wagon/Sport Utility Vehicle,,,
06/20/2023,13:00,BRONX,10457,40.855595,-73.89601,"(40.855595, -73.89601)",FORD STREET,WEBSTER AVENUE,,1,0,0,0,0,0,0,0,Unspecified,Unspecified,,,,4639213,Sedan,E-Bike,,,
06/20/2023,17:33,QUEENS,11427,40.73346,-73.735466,"(40.73346, -73.735466)",HILLSIDE AVENUE,WINCHESTER BOULEVARD,,1,0,0,0,0,0,1,0,Driver Inattention/Distraction,Unspecified,Unspecified,,,4639342,Station Wagon/Sport Utility Vehicle,Sedan,Bike,,
06/20/2023,15:45,MANHATTAN,10012,40.728065,-73.99896,"(40.728065, -73.99896)",LAGUARDIA PLACE,BLEECKER STREET,,1,0,0,0,0,0,1,0,Unspecified,,,,,4639604,Sedan,,,,
06/20/2023,19:00,QUEENS,11413,40.679913,-73.73942,"(40.679913, -73.73942)",229 STREET,131 AVENUE,,1,0,0,0,0,0,1,0,Failure to Yield Right-of-Way,Unspecified,,,,4639664,Moped,Station Wagon/Sport Utility Vehicle,,,
06/20/2023,2:15,,,40.87626,-73.90395,"(40.87626, -73.90395)",WEST 230 STREET,,,0,0,0,0,0,0,0,0,Passing or Lane Usage Improper,Unspecified,,,,4639730,Sedan,Sedan,,,
06/20/2023,0:00,BROOKLYN,11231,40.686478,-74.000046,"(40.686478, -74.000046)",,,477       HICKS STREET,0,0,0,0,0,0,0,0,Unspecified,Unspecified,,,,4639313,Station Wagon/Sport Utility Vehicle,Station Wagon/Sport Utility Vehicle,,,
06/20/2023,15:38,BROOKLYN,11223,40.59065,-73.96931,"(40.59065, -73.96931)",EAST 1 STREET,AVENUE X,,1,0,1,0,0,0,0,0,Unspecified,,,,,4639273,Station Wagon/Sport Utility Vehicle,,,,
06/20/2023,11:30,,,40.717014,-73.7994,"(40.717014, -73.7994)",GRAND CENTRAL PKWY,,,3,0,0,0,0,0,3,0,Following Too Closely,Following Too Closely,Unspecified,,,4639304,Station Wagon/Sport Utility Vehicle,Station Wagon/Sport Utility Vehicle,Sedan,,
06/20/2023,12:40,,,40.66735,-73.76994,"(40.66735, -73.76994)",BELT PARKWAY,,,1,0,0,0,0,0,1,0,Unspecified,Unspecified,,,,4639281,Sedan,,,,
06/20/2023,20:10,BROOKLYN,11223,40.602467,-73.96638,"(40.602467, -73.96638)",OCEAN PARKWAY,AVENUE S,,0,0,0,0,0,0,0,0,Traffic Control Disregarded,Unspecified,,,,4639338,Sedan,Sedan,,,
06/20/2023,8:00,,,40.692974,-73.90811,"(40.692974, -73.90811)",KNICKERBOCKER AVENUE,,,0,0,0,0,0,0,0,0,Turning Improperly,Unspecified,,,,4639241,Sedan,Box Truck,,,
06/20/2023,10:10,,,40.655632,-73.95987,"(40.655632, -73.95987)",FLATBUSH AVENUE,,,1,0,0,0,0,0,1,0,Driver Inattention/Distraction,Unspecified,,,,4639500,Station Wagon/Sport Utility Vehicle,,,,
06/20/2023,18:12,BROOKLYN,11207,40.67134,-73.89959,"(40.67134, -73.89959)",WILLIAMS AVENUE,PITKIN AVENUE,,1,0,0,0,0,0,1,0,Unspecified,Unspecified,Unspecified,Unspecified,Unspecified,4639541,Sedan,Station Wagon/Sport Utility Vehicle,Station Wagon/Sport Utility Vehicle,Station Wagon/Sport Utility Vehicle,Station Wagon/Sport Utility Vehicle
06/20/2023,11:03,BROOKLYN,11211,40.718693,-73.95466,"(40.718693, -73.95466)",DRIGGS AVENUE,NORTH 10 STREET,,0,0,0,0,0,0,0,0,Turning Improperly,Unspecified,,,,4639680,Sedan,Box Truck,,,
06/20/2023,8:05,,,40.60194,-74.08219,"(40.60194, -74.08219)",FINGERBOARD ROAD,,,0,0,0,0,0,0,0,0,Following Too Closely,Unspecified,,,,4639265,Pick-up Truck,Sedan,,,
06/20/2023,13:15,BROOKLYN,11236,40.63945,-73.89597,"(40.63945, -73.89597)",,,1721      ROCKAWAY PARKWAY,1,0,0,0,0,0,1,0,Reaction to Uninvolved Vehicle,Passing Too Closely,,,,4639323,Station Wagon/Sport Utility Vehicle,Station Wagon/Sport Utility Vehicle,,,
06/20/2023,18:35,STATEN ISLAND,10312,40.532536,-74.192085,"(40.532536, -74.192085)",,,895       HUGUENOT AVENUE,1,0,1,0,0,0,0,0,Driver Inattention/Distraction,,,,,4639431,Sedan,,,,
06/20/2023,23:55,,,40.846466,-73.87123,"(40.846466, -73.87123)",BRONX RIVER PARKWAY,,,0,0,0,0,0,0,0,0,Unsafe Speed,Unspecified,,,,4639654,Station Wagon/Sport Utility Vehicle,Sedan,,,
06/20/2023,21:14,QUEENS,11434,40.664616,-73.77216,"(40.664616, -73.77216)",,,145-04    176 STREET,0,0,0,0,0,0,0,0,Reaction to Uninvolved Vehicle,,,,,4639344,Station Wagon/Sport Utility Vehicle,,,,
06/20/2023,7:53,,,40.77719,-73.95225,"(40.77719, -73.95225)",2 AVENUE,,,0,0,0,0,0,0,0,0,Turning Improperly,Unspecified,,,,4639958,Sedan,Bus,,,
06/20/2023,17:42,MANHATTAN,10026,40.802765,-73.95148,"(40.802765, -73.95148)",,,160       WEST 116 STREET,1,0,0,0,0,0,1,0,Outside Car Distraction,,,,,4639392,Motorscooter,,,,
06/20/2023,7:30,MANHATTAN,10036,40.756767,-73.98272,"(40.756767, -73.98272)",WEST 45 STREET,AVENUE OF THE AMERICAS,,0,0,0,0,0,0,0,0,Other Vehicular,Passing or Lane Usage Improper,,,,4639290,Pick-up Truck,Sedan,,,
06/20/2023,18:15,BRONX,10460,40.840103,-73.88619,"(40.840103, -73.88619)",SOUTHERN BOULEVARD,EAST 176 STREET,,6,0,0,0,0,0,6,0,Driver Inattention/Distraction,Unspecified,Unspecified,,,4639483,Station Wagon/Sport Utility Vehicle,Station Wagon/Sport Utility Vehicle,Station Wagon/Sport Utility Vehicle,,
06/20/2023,18:29,BROOKLYN,11207,40.66239,-73.88594,"(40.66239, -73.88594)",HENDRIX STREET,HEGEMAN AVENUE,,0,0,0,0,0,0,0,0,Unsafe Speed,Unspecified,Unspecified,,,4639534,Sedan,Station Wagon/Sport Utility Vehicle,Sedan,,
06/20/2023,20:15,BROOKLYN,11203,40.641304,-73.94276,"(40.641304, -73.94276)",AVENUE D,BROOKLYN AVENUE,,1,0,0,0,0,0,0,0,Driver Inattention/Distraction,Unspecified,,,,4639412,E-Bike,Sedan,,,
06/20/2023,21:46,,,40.7516,-73.74844,"(40.7516, -73.74844)",HORACE HARDING EXPRESSWAY,230 STREET,,0,0,0,0,0,0,0,0,Cell Phone (hand-Held),Unspecified,Unspecified,Unspecified,,4639641,Sedan,Sedan,Station Wagon/Sport Utility Vehicle,Station Wagon/Sport Utility Vehicle,
06/20/2023,10:21,BROOKLYN,11220,40.639084,-74.009415,"(40.639084, -74.009415)",7 AVENUE,56 STREET,,0,0,0,0,0,0,0,0,Following Too Closely,Unspecified,,,,4639354,Station Wagon/Sport Utility Vehicle,,,,
06/20/2023,17:54,,,40.587074,-74.10393,"(40.587074, -74.10393)",RICHMOND ROAD,,,1,0,0,0,0,0,1,0,Failure to Yield Right-of-Way,Unspecified,,,,4639559,Taxi,Sedan,,,
06/20/2023,23:19,MANHATTAN,10027,40.81636,-73.954094,"(40.81636, -73.954094)",AMSTERDAM AVENUE,WEST 131 STREET,,1,0,0,0,1,0,0,0,Passing or Lane Usage Improper,Unspecified,,,,4639423,Bike,Taxi,,,
06/20/2023,21:00,,,40.62307,-74.149315,"(40.62307, -74.149315)",,,985       RICHMOND AVENUE,0,0,0,0,0,0,0,0,Driver Inattention/Distraction,Unspecified,,,,4639561,Station Wagon/Sport Utility Vehicle,Station Wagon/Sport Utility Vehicle,,,
06/20/2023,20:15,,,40.714455,-73.935295,"(40.714455, -73.935295)",,,MORGAN AVENUE,3,0,0,0,0,0,3,0,Traffic Control Disregarded,Unspecified,,,,4639515,Station Wagon/Sport Utility Vehicle,Motorscooter,,,
06/20/2023,9:00,,,40.693787,-73.81173,"(40.693787, -73.81173)",VAN WYCK EXPWY,,,2,0,0,0,0,0,2,0,Following Too Closely,Unspecified,,,,4639831,Taxi,Sedan,,,
06/20/2023,0:11,QUEENS,11432,40.713303,-73.79323,"(40.713303, -73.79323)",,,170-26    HENLEY ROAD,0,0,0,0,0,0,0,0,Alcohol Involvement,Unspecified,Unspecified,Unspecified,,4639134,Station Wagon/Sport Utility Vehicle,Sedan,Sedan,Station Wagon/Sport Utility Vehicle,
06/20/2023,17:50,QUEENS,11422,40.683975,-73.72974,"(40.683975, -73.72974)",,,121-47    236 STREET,0,0,0,0,0,0,0,0,Unspecified,Unspecified,,,,4639863,Station Wagon/Sport Utility Vehicle,Sedan,,,
06/20/2023,13:46,BROOKLYN,11211,40.714825,-73.95882,"(40.714825, -73.95882)",METROPOLITAN AVENUE,DRIGGS AVENUE,,0,0,0,0,0,0,0,0,Driver Inattention/Distraction,Unspecified,,,,4639382,Sedan,,,,
06/20/2023,14:30,BROOKLYN,11234,40.599163,-73.91084,"(40.599163, -73.91084)",,,2900      FLATBUSH AVENUE,0,0,0,0,0,0,0,0,Unspecified,,,,,4639902,Station Wagon/Sport Utility Vehicle,,,,
06/20/2023,9:46,MANHATTAN,10007,40.713947,-74.00915,"(40.713947, -74.00915)",,,37        MURRAY STREET,0,0,0,0,0,0,0,0,Turning Improperly,Unspecified,,,,4639183,Sedan,Taxi,,,
06/20/2023,10:40,QUEENS,11435,40.69024,-73.80304,"(40.69024, -73.80304)",,,145-06    LAKEWOOD AVENUE,0,0,0,0,0,0,0,0,Failure to Yield Right-of-Way,Unspecified,,,,4639840,Station Wagon/Sport Utility Vehicle,,,,
06/20/2023,23:30,QUEENS,11419,40.691357,-73.812904,"(40.691357, -73.812904)",,,133-12    LIBERTY AVENUE,0,0,0,0,0,0,0,0,Backing Unsafely,Unspecified,,,,4639353,Sedan,,,,
06/20/2023,13:05,BROOKLYN,11206,40.701565,-73.94333,"(40.701565, -73.94333)",,,700       BROADWAY,0,0,0,0,0,0,0,0,Unspecified,,,,,4639516,Sedan,,,,
06/20/2023,12:15,QUEENS,11426,40.735764,-73.715645,"(40.735764, -73.715645)",HILLSIDE AVENUE,252 STREET,,3,0,0,0,0,0,3,0,Other Vehicular,Unspecified,,,,4639415,Sedan,Station Wagon/Sport Utility Vehicle,,,
06/20/2023,22:11,BRONX,10464,40.859245,-73.81814,"(40.859245, -73.81814)",PELHAM PARKWAY,SHORE ROAD,,0,0,0,0,0,0,0,0,Passing or Lane Usage Improper,Unspecified,,,,4639755,Sedan,Sedan,,,
06/20/2023,8:13,BROOKLYN,11203,40.639736,-73.93012,"(40.639736, -73.93012)",FOSTER AVENUE,EAST 49 STREET,,2,0,0,0,0,0,2,0,Unspecified,Unspecified,,,,4639785,Sedan,Sedan,,,
06/20/2023,8:30,BRONX,10472,40.82696,-73.86808,"(40.82696, -73.86808)",,,1040      ROSEDALE AVENUE,0,0,0,0,0,0,0,0,Passing or Lane Usage Improper,Unspecified,,,,4639473,Sedan,Sedan,,,
06/20/2023,18:00,QUEENS,11372,40.747345,-73.88658,"(40.747345, -73.88658)",,,79-00     ROOSEVELT AVENUE,2,0,0,0,0,0,2,0,Unspecified,Unspecified,,,,4639927,Station Wagon/Sport Utility Vehicle,Sedan,,,
06/20/2023,18:30,,,40.753788,-73.744286,"(40.753788, -73.744286)",CROSS ISLAND PARKWAY,,,1,0,0,0,0,0,1,0,Following Too Closely,Unspecified,,,,4639285,Sedan,Sedan,,,
06/20/2023,17:40,,,40.75904,-73.77423,"(40.75904, -73.77423)",NORTHERN BOULEVARD,,,2,0,0,0,0,0,2,0,Driver Inattention/Distraction,Driver Inattention/Distraction,Unspecified,,,4639307,Sedan,Station Wagon/Sport Utility Vehicle,Station Wagon/Sport Utility Vehicle,,
06/20/2023,14:28,MANHATTAN,10035,40.800255,-73.93757,"(40.800255, -73.93757)",,,216       EAST 120 STREET,1,0,1,0,0,0,0,0,Unspecified,,,,,4639689,Station Wagon/Sport Utility Vehicle,,,,
06/20/2023,22:38,QUEENS,11373,40.739597,-73.87366,"(40.739597, -73.87366)",,,90-37     51 AVENUE,0,0,0,0,0,0,0,0,Aggressive Driving/Road Rage,Unspecified,Unspecified,,,4639373,Sedan,Sedan,Station Wagon/Sport Utility Vehicle,,
06/20/2023,7:19,,,40.763824,-73.72686,"(40.763824, -73.72686)",HORACE HARDING EXPRESSWAY,254 STREET,,0,0,0,0,0,0,0,0,Unspecified,Unspecified,,,,4639267,Station Wagon/Sport Utility Vehicle,Bus,,,
06/20/2023,6:30,MANHATTAN,10018,40.753475,-73.99254,"(40.753475, -73.99254)",WEST 36 STREET,8 AVENUE,,0,0,0,0,0,0,0,0,Turning Improperly,Unspecified,,,,4639567,Sedan,Box Truck,,,
06/20/2023,15:30,,,40.763428,-73.99271,"(40.763428, -73.99271)",WEST 48 STREET,,,0,0,0,0,0,0,0,0,Unspecified,Unspecified,,,,4639295,Sedan,Sedan,,,
06/20/2023,9:15,BRONX,10458,40.857677,-73.88275,"(40.857677, -73.88275)",,,2493      CAMBRELENG AVENUE,0,0,0,0,0,0,0,0,Passing Too Closely,Unspecified,,,,4639430,Station Wagon/Sport Utility Vehicle,Pick-up Truck,,,
06/20/2023,16:40,MANHATTAN,10028,40.777184,-73.95416,"(40.777184, -73.95416)",,,229       EAST 84 STREET,0,0,0,0,0,0,0,0,Driver Inattention/Distraction,Unspecified,,,,4639360,Station Wagon/Sport Utility Vehicle,Sedan,,,
06/20/2023,14:40,BROOKLYN,11226,40.640583,-73.95573,"(40.640583, -73.95573)",DITMAS AVENUE,FLATBUSH AVENUE,,0,0,0,0,0,0,0,0,Driver Inattention/Distraction,Unspecified,,,,4639444,Sedan,Van,,,
06/20/2023,7:50,QUEENS,11373,40.744057,-73.88348,"(40.744057, -73.88348)",LAYTON STREET,PETTIT AVENUE,,4,0,0,0,0,0,4,0,Unspecified,Unspecified,Unspecified,Unspecified,Unspecified,4639676,Sedan,Station Wagon/Sport Utility Vehicle,Station Wagon/Sport Utility Vehicle,Station Wagon/Sport Utility Vehicle,Sedan
06/20/2023,9:30,BRONX,10468,40.862316,-73.91104,"(40.862316, -73.91104)",,,2089      CEDAR AVENUE,0,0,0,0,0,0,0,0,Unspecified,,,,,4639194,Taxi,,,,
06/20/2023,23:30,BROOKLYN,11229,40.597145,-73.92995,"(40.597145, -73.92995)",AVENUE W,GERRITSEN AVENUE,,0,0,0,0,0,0,0,0,Unspecified,,,,,4639339,Sedan,,,,
06/20/2023,1:50,QUEENS,11103,40.76849,-73.91124,"(40.76849, -73.91124)",,,24-39     STEINWAY STREET,1,0,0,0,0,0,1,0,Driver Inattention/Distraction,Unspecified,,,,4639708,Taxi,,,,
06/20/2023,18:30,MANHATTAN,10014,40.739403,-74.00615,"(40.739403, -74.00615)",,,38        GANSEVOORT STREET,1,0,1,0,0,0,0,0,Driver Inattention/Distraction,,,,,4639603,Taxi,,,,
06/20/2023,6:59,BRONX,10465,40.825813,-73.824425,"(40.825813, -73.824425)",,,730       CALHOUN AVENUE,0,0,0,0,0,0,0,0,Unspecified,,,,,4639496,Sedan,,,,
06/20/2023,9:30,BROOKLYN,11207,40.67657,-73.9008,"(40.67657, -73.9008)",WILLIAMS AVENUE,EAST NEW YORK AVENUE,,1,0,0,0,0,0,1,0,Unspecified,Unspecified,,,,4639539,Sedan,Sedan,,,
06/20/2023,18:32,BROOKLYN,11236,40.63289,-73.88225,"(40.63289, -73.88225)",,,1610      EAST 102 STREET,0,0,0,0,0,0,0,0,Unsafe Speed,Unspecified,,,,4639390,Sedan,Station Wagon/Sport Utility Vehicle,,,
06/20/2023,21:00,QUEENS,11356,40.781693,-73.84051,"(40.781693, -73.84051)",128 STREET,20 AVENUE,,0,0,0,0,0,0,0,0,Passing Too Closely,Unspecified,,,,4639775,Station Wagon/Sport Utility Vehicle,,,,
06/20/2023,0:05,,,40.636074,-73.951096,"(40.636074, -73.951096)",FARRAGUT ROAD,,,2,0,0,0,0,0,2,0,Aggressive Driving/Road Rage,Unspecified,,,,4639438,Sedan,Station Wagon/Sport Utility Vehicle,,,
06/20/2023,13:30,,,,,,26 AVENUE,SHORE PARKWAY,,0,0,0,0,0,0,0,0,Backing Unsafely,Unspecified,,,,4639715,Sedan,Tractor Truck Diesel,,,
06/20/2023,7:45,,,40.696823,-73.91487,"(40.696823, -73.91487)",GATES AVENUE,,,0,0,0,0,0,0,0,0,Passing or Lane Usage Improper,Unspecified,,,,4639240,Bus,Station Wagon/Sport Utility Vehicle,,,
06/20/2023,6:50,,,40.612644,-74.13073,"(40.612644, -74.13073)",JEWETT AVENUE,VICTORY BOULEVARD,,1,0,0,0,0,0,1,0,Turning Improperly,Unspecified,,,,4639547,Sedan,Station Wagon/Sport Utility Vehicle,,,
06/20/2023,18:05,,,40.625786,-73.89309,"(40.625786, -73.89309)",BELT PARKWAY,,,1,0,0,0,0,0,1,0,Following Too Closely,Unspecified,,,,4639312,Sedan,Station Wagon/Sport Utility Vehicle,,,
06/20/2023,21:40,,,40.674644,-73.79572,"(40.674644, -73.79572)",123 AVENUE,,,0,0,0,0,0,0,0,0,Unspecified,,,,,4639562,Sedan,,,,
06/20/2023,20:30,,,,,,,,75-18     roosevelt,1,0,0,0,1,0,0,0,Driver Inattention/Distraction,Reaction to Uninvolved Vehicle,,,,4639380,Sedan,E-Bike,,,
06/20/2023,17:07,BROOKLYN,11207,40.665283,-73.89044,"(40.665283, -73.89044)",,,720       LIVONIA AVENUE,0,0,0,0,0,0,0,0,Unspecified,Unspecified,,,,4639544,Station Wagon/Sport Utility Vehicle,Sedan,,,
06/20/2023,21:12,BROOKLYN,11223,40.5861,-73.97128,"(40.5861, -73.97128)",WEST 2 STREET,AVENUE Z,,0,0,0,0,0,0,0,0,Driver Inattention/Distraction,Unspecified,Unspecified,,,4639479,Station Wagon/Sport Utility Vehicle,Sedan,Sedan,,
06/20/2023,0:16,QUEENS,11418,40.69761,-73.82005,"(40.69761, -73.82005)",92 AVENUE,130 STREET,,0,0,0,0,0,0,0,0,Unsafe Speed,Unspecified,,,,4639142,Sedan,Station Wagon/Sport Utility Vehicle,,,
06/20/2023,15:55,BROOKLYN,11213,40.668797,-73.93113,"(40.668797, -73.93113)",UTICA AVENUE,EASTERN PARKWAY,,0,0,0,0,0,0,0,0,Driver Inattention/Distraction,Unspecified,,,,4639763,Sedan,Sedan,,,
06/20/2023,11:05,QUEENS,11372,40.747562,-73.884674,"(40.747562, -73.884674)",,,81-09     ROOSEVELT AVENUE,1,0,0,0,0,0,0,0,Failure to Yield Right-of-Way,Unsafe Speed,,,,4639293,Station Wagon/Sport Utility Vehicle,E-Bike,,,
06/20/2023,17:50,MANHATTAN,10036,40.76275,-73.99692,"(40.76275, -73.99692)",WEST 45 STREET,11 AVENUE,,0,0,0,0,0,0,0,0,Pedestrian/Bicyclist/Other Pedestrian Error/Confusion,Pedestrian/Bicyclist/Other Pedestrian Error/Confusion,,,,4639298,Sedan,Bike,,,
06/20/2023,12:21,MANHATTAN,10024,40.782463,-73.97883,"(40.782463, -73.97883)",WEST 78 STREET,AMSTERDAM AVENUE,,0,0,0,0,0,0,0,0,Oversized Vehicle,Passing Too Closely,,,,4639642,Station Wagon/Sport Utility Vehicle,Box Truck,,,
06/20/2023,1:44,BROOKLYN,11236,40.632717,-73.89138,"(40.632717, -73.89138)",SEAVIEW AVENUE,EAST 95 STREET,,1,0,0,0,0,0,1,0,Traffic Control Disregarded,Unspecified,,,,4639322,Station Wagon/Sport Utility Vehicle,Sedan,,,
06/20/2023,6:39,MANHATTAN,10065,40.762104,-73.960144,"(40.762104, -73.960144)",EAST 63 STREET,1 AVENUE,,3,0,0,0,0,0,3,0,Driver Inattention/Distraction,Driver Inattention/Distraction,Driver Inexperience,Unspecified,,4639358,Taxi,Taxi,Taxi,,
06/20/2023,14:58,BROOKLYN,11234,40.633545,-73.92908,"(40.633545, -73.92908)",,,4930      KINGS HIGHWAY,3,0,0,0,0,0,3,0,Driver Inattention/Distraction,Unspecified,,,,4639908,Station Wagon/Sport Utility Vehicle,Sedan,,,
06/20/2023,12:52,QUEENS,11434,40.67897,-73.75985,"(40.67897, -73.75985)",MERRICK BOULEVARD,BELKNAP STREET,,1,0,0,0,0,0,1,0,Following Too Closely,Unspecified,,,,4639257,Station Wagon/Sport Utility Vehicle,Sedan,,,
06/20/2023,13:50,MANHATTAN,10023,40.77242,-73.97873,"(40.77242, -73.97873)",CENTRAL PARK WEST,WEST 66 STREET,,0,0,0,0,0,0,0,0,Unspecified,Unspecified,,,,4639646,Sedan,Bike,,,
06/20/2023,14:45,MANHATTAN,10002,40.71885,-73.98923,"(40.71885, -73.98923)",,,95        DELANCEY STREET,0,0,0,0,0,0,0,0,Unspecified,Unspecified,,,,4639739,Sedan,Box Truck,,,
06/20/2023,13:52,QUEENS,11691,40.60887,-73.75499,"(40.60887, -73.75499)",,,14-23     PINSON STREET,0,0,0,0,0,0,0,0,Driver Inattention/Distraction,Passing Too Closely,,,,4639269,Station Wagon/Sport Utility Vehicle,Station Wagon/Sport Utility Vehicle,,,
06/20/2023,19:07,BROOKLYN,11236,40.633404,-73.89477,"(40.633404, -73.89477)",AVENUE N,CANARSIE ROAD,,2,0,0,0,0,0,2,0,Driver Inattention/Distraction,Driver Inattention/Distraction,,,,4639317,Sedan,Sedan,,,
06/20/2023,14:00,BROOKLYN,11234,40.614296,-73.93736,"(40.614296, -73.93736)",,,3517      QUENTIN ROAD,0,0,0,0,0,0,0,0,Driver Inattention/Distraction,Passing or Lane Usage Improper,,,,4639901,Sedan,Sedan,,,
06/20/2023,14:20,QUEENS,11414,40.659172,-73.839874,"(40.659172, -73.839874)",CROSS BAY BOULEVARD,159 AVENUE,,3,0,0,0,0,0,3,0,Passing or Lane Usage Improper,Unspecified,,,,4639350,Station Wagon/Sport Utility Vehicle,Station Wagon/Sport Utility Vehicle,,,
06/20/2023,16:45,BROOKLYN,11208,40.66691,-73.87196,"(40.66691, -73.87196)",,,515       FOUNTAIN AVENUE,2,0,0,0,0,0,2,0,Passing Too Closely,Unspecified,,,,4639530,Sedan,Ambulance,,,
06/20/2023,16:47,QUEENS,11364,40.74554,-73.7768,"(40.74554, -73.7768)",FRANCIS LEWIS BOULEVARD,58 AVENUE,,1,0,0,0,0,0,1,0,Lost Consciousness,Unspecified,,,,4639284,Station Wagon/Sport Utility Vehicle,Station Wagon/Sport Utility Vehicle,,,
06/20/2023,9:42,QUEENS,11368,40.76027,-73.8437,"(40.76027, -73.8437)",,,126-59    34 AVENUE,0,0,0,0,0,0,0,0,Driver Inattention/Distraction,Unspecified,,,,4639377,Pick-up Truck,Station Wagon/Sport Utility Vehicle,,,
06/20/2023,13:54,QUEENS,11435,40.689976,-73.79955,"(40.689976, -73.79955)",FERNDALE AVENUE,LIVERPOOL STREET,,2,0,0,0,0,0,2,0,Traffic Control Disregarded,Unspecified,,,,4639233,Station Wagon/Sport Utility Vehicle,Station Wagon/Sport Utility Vehicle,,,
06/20/2023,16:50,,,40.69993,-73.96188,"(40.69993, -73.96188)",BROOKLYN QUEENS EXPRESSWAY,,,0,0,0,0,0,0,0,0,Unsafe Lane Changing,Passing or Lane Usage Improper,Unspecified,,,4639954,Sedan,Box Truck,,,
06/20/2023,18:40,,,40.716644,-73.99582,"(40.716644, -73.99582)",BOWERY,CANAL STREET,,0,0,0,0,0,0,0,0,Driver Inattention/Distraction,,,,,4639627,Station Wagon/Sport Utility Vehicle,,,,
06/20/2023,19:35,BROOKLYN,11211,40.708904,-73.95926,"(40.708904, -73.95926)",BROADWAY,HAVEMEYER STREET,,1,0,0,0,0,0,0,0,Reaction to Uninvolved Vehicle,,,,,4639335,E-Bike,,,,
06/20/2023,22:43,QUEENS,11413,40.665634,-73.75817,"(40.665634, -73.75817)",SOUTH CONDUIT AVENUE,SPRINGFIELD BOULEVARD,,3,0,0,0,0,0,3,0,Unsafe Lane Changing,Unspecified,,,,4639416,Sedan,,,,
06/20/2023,6:39,,,,,,TRIBOROUGH BRIDGE,,,0,0,0,0,0,0,0,0,Following Too Closely,Unspecified,,,,4639688,Pick-up Truck,Pick-up Truck,,,
06/20/2023,14:45,BROOKLYN,11224,40.58202,-73.97114,"(40.58202, -73.97114)",WEST AVENUE,WEST 5 STREET,,1,0,0,0,0,0,1,0,Unspecified,Unspecified,,,,4639711,Sedan,Sedan,,,
06/20/2023,9:37,,,40.624958,-74.145775,"(40.624958, -74.145775)",FOREST AVENUE,TRANTOR PLACE,,0,0,0,0,0,0,0,0,Driver Inattention/Distraction,Unspecified,Unspecified,,,4639510,Sedan,Station Wagon/Sport Utility Vehicle,Station Wagon/Sport Utility Vehicle,,
06/20/2023,8:49,,,,,,BRONX WHITESTONE BRIDGE,,,1,0,0,0,0,0,1,0,Following Too Closely,Unspecified,,,,4639403,Station Wagon/Sport Utility Vehicle,Box Truck,,,
06/20/2023,16:45,QUEENS,11385,40.702595,-73.8553,"(40.702595, -73.8553)",WOODHAVEN BOULEVARD,MYRTLE AVENUE,,1,0,0,0,0,0,1,0,Passing or Lane Usage Improper,Unspecified,,,,4639385,Sedan,Bus,,,
06/20/2023,3:59,BROOKLYN,11207,40.675735,-73.89686,"(40.675735, -73.89686)",PENNSYLVANIA AVENUE,ATLANTIC AVENUE,,0,0,0,0,0,0,0,0,Unspecified,,,,,4639189,Van,,,,
06/20/2023,17:45,QUEENS,11364,40.74554,-73.7768,"(40.74554, -73.7768)",FRANCIS LEWIS BOULEVARD,58 AVENUE,,0,0,0,0,0,0,0,0,Unspecified,Unspecified,,,,4639308,Tractor Truck Diesel,Station Wagon/Sport Utility Vehicle,,,
06/20/2023,1:30,BROOKLYN,11212,40.65708,-73.91765,"(40.65708, -73.91765)",,,1106      WILLMOHR STREET,1,0,1,0,0,0,0,0,Unspecified,,,,,4639447,Sedan,,,,
06/20/2023,13:20,BROOKLYN,11225,40.663334,-73.960236,"(40.663334, -73.960236)",,,57        EMPIRE BOULEVARD,0,0,0,0,0,0,0,0,Backing Unsafely,Unspecified,,,,4639767,Station Wagon/Sport Utility Vehicle,Sedan,,,
06/20/2023,19:19,MANHATTAN,10016,40.745857,-73.97199,"(40.745857, -73.97199)",,,650       1 AVENUE,1,0,0,0,1,0,0,0,Driver Inattention/Distraction,Unspecified,,,,4639475,Station Wagon/Sport Utility Vehicle,E-Bike,,,
06/20/2023,17:00,BROOKLYN,11205,40.69217,-73.95194,"(40.69217, -73.95194)",,,230       NOSTRAND AVENUE,0,0,0,0,0,0,0,0,Backing Unsafely,Unspecified,,,,4639599,Sedan,Station Wagon/Sport Utility Vehicle,,,
06/20/2023,14:47,MANHATTAN,10029,40.788586,-73.95529,"(40.788586, -73.95529)",EAST 97 STREET,5 AVENUE,,1,0,0,0,0,0,1,0,Passing Too Closely,Passing Too Closely,,,,4639427,Van,Bus,,,
06/20/2023,6:35,,,40.76635,-73.95103,"(40.76635, -73.95103)",FDR DRIVE,,,0,0,0,0,0,0,0,0,Unspecified,Unspecified,,,,4639361,Station Wagon/Sport Utility Vehicle,Sedan,,,
06/20/2023,19:08,BROOKLYN,11201,40.69762,-73.987045,"(40.69762, -73.987045)",,,230       JAY STREET,0,0,0,0,0,0,0,0,Failure to Yield Right-of-Way,Unspecified,,,,4639674,Sedan,Bike,,,
06/20/2023,3:10,QUEENS,11372,40.751797,-73.87805,"(40.751797, -73.87805)",,,34-59     89 STREET,0,0,0,0,0,0,0,0,Driver Inexperience,Unspecified,,,,4639488,Sedan,Station Wagon/Sport Utility Vehicle,,,
06/20/2023,17:00,STATEN ISLAND,10306,40.565945,-74.11431,"(40.565945, -74.11431)",HYLAN BOULEVARD,PRINCETON AVENUE,,1,0,0,0,0,0,1,0,Driver Inattention/Distraction,Unspecified,,,,4639550,Sedan,Sedan,,,
06/20/2023,12:50,BROOKLYN,11203,40.650288,-73.9273,"(40.650288, -73.9273)",EAST 53 STREET,SNYDER AVENUE,,1,0,0,0,0,0,1,0,Unspecified,Unspecified,,,,4639789,Sedan,Sedan,,,
06/20/2023,16:24,,,40.88736,-73.89426,"(40.88736, -73.89426)",MAJOR DEEGAN EXPRESSWAY,,,1,0,0,0,0,0,1,0,Unspecified,Unspecified,Unspecified,,,4639935,Station Wagon/Sport Utility Vehicle,Station Wagon/Sport Utility Vehicle,Sedan,,
06/20/2023,20:00,QUEENS,11691,40.595978,-73.75409,"(40.595978, -73.75409)",,,228       BEACH 20 STREET,1,0,0,0,0,0,1,0,Passing Too Closely,Unspecified,,,,4639565,Station Wagon/Sport Utility Vehicle,Sedan,,,
06/20/2023,7:04,MANHATTAN,10029,40.794754,-73.94235,"(40.794754, -73.94235)",EAST 111 STREET,3 AVENUE,,1,0,0,0,1,0,0,0,Traffic Control Disregarded,Unspecified,,,,4639155,Sedan,Bike,,,
06/20/2023,22:41,MANHATTAN,10011,40.73736,-73.99685,"(40.73736, -73.99685)",WEST 14 STREET,AVENUE OF THE AMERICAS,,2,0,2,0,0,0,0,0,Unspecified,,,,,4639827,Taxi,,,,
06/20/2023,9:45,,,,,,THROGS NECK BRIDGE,,,0,0,0,0,0,0,0,0,Following Too Closely,Unspecified,,,,4639402,Station Wagon/Sport Utility Vehicle,Tractor Truck Gasoline,,,
06/20/2023,17:40,,,40.628185,-74.14792,"(40.628185, -74.14792)",MORNINGSTAR ROAD,DIXON AVENUE,,1,0,1,0,0,0,0,0,Driver Inattention/Distraction,,,,,4639706,Sedan,,,,
06/20/2023,18:10,MANHATTAN,10036,40.765385,-73.99737,"(40.765385, -73.99737)",,,698       WEST 48 STREET,1,0,0,0,1,0,0,0,Driver Inattention/Distraction,Unspecified,,,,4639300,Station Wagon/Sport Utility Vehicle,E-Bike,,,
06/20/2023,15:30,BRONX,10460,40.837673,-73.86548,"(40.837673, -73.86548)",THIERIOT AVENUE,ARCHER STREET,,0,0,0,0,0,0,0,0,Unspecified,,,,,4639508,Sedan,Box Truck,,,
06/20/2023,16:20,,,40.668785,-73.87758,"(40.668785, -73.87758)",DUMONT AVENUE,,,1,0,0,0,1,0,0,0,Driver Inexperience,Unspecified,,,,4639536,Station Wagon/Sport Utility Vehicle,E-Bike,,,
06/20/2023,22:08,MANHATTAN,10002,40.716396,-73.99567,"(40.716396, -73.99567)",,,145       CANAL STREET,0,0,0,0,0,0,0,0,Driver Inattention/Distraction,Unspecified,Unspecified,,,4639628,Sedan,Sedan,Sedan,,
06/20/2023,15:55,,,,,,WILLIAMSBURG BRIDGE OUTER ROADWA,,,0,0,0,0,0,0,0,0,Unspecified,Unspecified,,,,4639334,Sedan,Station Wagon/Sport Utility Vehicle,,,
06/20/2023,18:30,,,40.70403,-73.81711,"(40.70403, -73.81711)",HILLSIDE AVENUE,VANWYCK EXPRESSWAY,,0,0,0,0,0,0,0,0,Backing Unsafely,Unspecified,,,,4639356,Sedan,Sedan,,,
06/20/2023,17:55,BROOKLYN,11234,40.623146,-73.92345,"(40.623146, -73.92345)",,,1410      EAST 54 STREET,0,0,0,0,0,0,0,0,Driver Inattention/Distraction,Unspecified,,,,4639905,Station Wagon/Sport Utility Vehicle,Sedan,,,
06/20/2023,7:00,QUEENS,11365,40.741146,-73.7811,"(40.741146, -73.7811)",,,60-17H    194 STREET,0,0,0,0,0,0,0,0,Unspecified,,,,,4639258,Sedan,,,,
06/20/2023,10:30,,,40.7723,-73.986244,"(40.7723, -73.986244)",WEST 62 STREET,,,1,0,1,0,0,0,0,0,Unspecified,,,,,4639647,Sedan,,,,
06/20/2023,21:51,BROOKLYN,11226,40.64485,-73.96002,"(40.64485, -73.96002)",BEVERLEY ROAD,OCEAN AVENUE,,1,0,0,0,0,0,0,0,Driver Inattention/Distraction,Driver Inattention/Distraction,,,,4639435,Station Wagon/Sport Utility Vehicle,E-Scooter,,,
06/20/2023,0:25,BROOKLYN,11249,40.715527,-73.96642,"(40.715527, -73.96642)",KENT AVENUE,SOUTH 1 STREET,,1,0,0,0,0,0,0,0,Unsafe Speed,,,,,4639336,E-Scooter,,,,
06/20/2023,17:10,,,,,,,,109       EAST DRIVE,1,0,1,0,0,0,0,0,Driver Inexperience,,,,,4639366,Bike,,,,
06/20/2023,7:09,,,40.67765,-73.87058,"(40.67765, -73.87058)",CONDUIT BOULEVARD,CRESCENT STREET,,1,0,0,0,0,0,1,0,Unspecified,Unspecified,,,,4639249,Pick-up Truck,Sedan,,,
06/20/2023,18:32,BROOKLYN,11207,40.65444,-73.89081,"(40.65444, -73.89081)",ALABAMA AVENUE,WORTMAN AVENUE,,1,0,0,0,0,0,1,0,Unsafe Speed,Unspecified,,,,4639543,Sedan,Sedan,,,
06/20/2023,10:50,QUEENS,11372,40.755028,-73.872696,"(40.755028, -73.872696)",JUNCTION BOULEVARD,34 AVENUE,,1,0,1,0,0,0,0,0,Backing Unsafely,,,,,4639292,Station Wagon/Sport Utility Vehicle,,,,
06/20/2023,17:14,,,40.642204,-73.991936,"(40.642204, -73.991936)",FORT HAMILTON PARKWAY,,,1,0,0,0,1,0,0,0,Failure to Yield Right-of-Way,Unspecified,,,,4639673,Bike,,,,
06/20/2023,3:10,,,40.666847,-73.74194,"(40.666847, -73.74194)",MENTONE AVENUE,,,0,0,0,0,0,0,0,0,Backing Unsafely,Unspecified,,,,4639223,Sedan,,,,
06/20/2023,15:00,QUEENS,11373,40.729713,-73.88009,"(40.729713, -73.88009)",83 STREET,57 AVENUE,,1,0,0,0,0,0,1,0,Unspecified,,,,,4639378,Sedan,,,,
06/20/2023,13:19,,,40.700497,-73.962555,"(40.700497, -73.962555)",WILLIAMSBURG STREET WEST,KENT AVENUE,,0,0,0,0,0,0,0,0,Driver Inattention/Distraction,Unspecified,,,,4639955,Sedan,Station Wagon/Sport Utility Vehicle,,,
06/20/2023,12:30,,,40.692024,-73.9818,"(40.692024, -73.9818)",WILLOUGHBY STREET,,,0,0,0,0,0,0,0,0,Passing or Lane Usage Improper,Unspecified,,,,4639607,Sedan,Station Wagon/Sport Utility Vehicle,,,
06/20/2023,7:30,BROOKLYN,11231,40.678707,-73.99313,"(40.678707, -73.99313)",,,371       HOYT STREET,0,0,0,0,0,0,0,0,Unspecified,Unspecified,,,,4639314,Station Wagon/Sport Utility Vehicle,Bus,,,
06/20/2023,13:55,BROOKLYN,11217,40.67864,-73.97352,"(40.67864, -73.97352)",PROSPECT PLACE,FLATBUSH AVENUE,,0,0,0,0,0,0,0,0,Driver Inattention/Distraction,Unspecified,,,,4639453,Sedan,Sedan,,,
06/20/2023,14:35,,,,,,WEST 174 STREET,POPHAM AVENUE,,1,0,0,0,0,0,1,0,Driver Inattention/Distraction,,,,,4639421,Sedan,,,,
06/20/2023,19:28,BRONX,10473,,,,,,125       SURF DRIVE,1,0,1,0,0,0,0,0,Pedestrian/Bicyclist/Other Pedestrian Error/Confusion,,,,,4639478,Station Wagon/Sport Utility Vehicle,,,,
06/20/2023,15:00,BROOKLYN,11209,40.634666,-74.03175,"(40.634666, -74.03175)",,,137       72 STREET,0,0,0,0,0,0,0,0,Unspecified,,,,,4639310,Sedan,,,,
06/20/2023,7:25,QUEENS,11369,40.76969,-73.86979,"(40.76969, -73.86979)",DITMARS BOULEVARD,101 STREET,,1,0,0,0,0,0,1,0,Driver Inexperience,Unspecified,,,,4639283,Sedan,Station Wagon/Sport Utility Vehicle,,,
06/20/2023,16:53,BROOKLYN,11230,40.626583,-73.95657,"(40.626583, -73.95657)",,,1464      OCEAN AVENUE,1,0,0,0,0,0,1,0,Driver Inattention/Distraction,Driver Inattention/Distraction,Unspecified,,,4639856,Station Wagon/Sport Utility Vehicle,Station Wagon/Sport Utility Vehicle,,,
06/20/2023,13:30,MANHATTAN,10029,40.796005,-73.93542,"(40.796005, -73.93542)",1 AVENUE,EAST 116 STREET,,1,0,0,0,1,0,0,0,Passenger Distraction,Unspecified,,,,4639687,Bike,Sedan,,,
06/20/2023,16:35,QUEENS,11413,40.658913,-73.75661,"(40.658913, -73.75661)",225 STREET,147 AVENUE,,1,0,0,0,0,0,1,0,Driver Inattention/Distraction,Unspecified,,,,4639341,Sedan,Station Wagon/Sport Utility Vehicle,,,
06/20/2023,21:15,QUEENS,11106,40.764347,-73.92347,"(40.764347, -73.92347)",31 AVENUE,31 STREET,,1,0,0,0,0,0,1,0,Failure to Yield Right-of-Way,Unsafe Speed,,,,4639710,Sedan,Motorcycle,,,
06/20/2023,10:25,QUEENS,11374,40.72883,-73.8659,"(40.72883, -73.8659)",WETHEROLE STREET,63 AVENUE,,0,0,0,0,0,0,0,0,Backing Unsafely,Unspecified,,,,4639588,Station Wagon/Sport Utility Vehicle,Van,,,
06/20/2023,8:30,BROOKLYN,11229,40.600883,-73.95869,"(40.600883, -73.95869)",AVENUE T,EAST 13 STREET,,1,0,0,0,0,0,0,0,Unspecified,Unspecified,,,,4639272,E-Bike,Station Wagon/Sport Utility Vehicle,,,
06/20/2023,7:52,BRONX,10463,40.873894,-73.90917,"(40.873894, -73.90917)",,,50        WEST 225 STREET,0,0,0,0,0,0,0,0,Driver Inattention/Distraction,Driver Inattention/Distraction,,,,4639193,Bus,Station Wagon/Sport Utility Vehicle,,,
06/20/2023,12:40,QUEENS,11432,40.712284,-73.78536,"(40.712284, -73.78536)",HILLSIDE AVENUE,178 STREET,,3,0,0,0,0,0,3,0,Failure to Yield Right-of-Way,Unspecified,Unspecified,Unspecified,,4639384,Sedan,Station Wagon/Sport Utility Vehicle,Station Wagon/Sport Utility Vehicle,Station Wagon/Sport Utility Vehicle,
06/20/2023,6:20,BROOKLYN,11234,40.599163,-73.91084,"(40.599163, -73.91084)",,,2900      FLATBUSH AVENUE,1,0,0,0,0,0,1,0,Driver Inattention/Distraction,,,,,4639900,Station Wagon/Sport Utility Vehicle,,,,
06/20/2023,16:45,BROOKLYN,11208,40.66691,-73.87196,"(40.66691, -73.87196)",,,515       FOUNTAIN AVENUE,1,0,0,0,0,0,1,0,Unspecified,Unspecified,,,,4639531,Motorscooter,Box Truck,,,
06/20/2023,3:55,BROOKLYN,11236,40.63651,-73.89681,"(40.63651, -73.89681)",,,1445      EAST 94 STREET,0,0,0,0,0,0,0,0,Driver Inattention/Distraction,Unspecified,Unspecified,,,4639345,Station Wagon/Sport Utility Vehicle,Sedan,,,
06/20/2023,9:15,,,,,,,,28-11     WHITESTONE EXPRESSWAY,0,0,0,0,0,0,0,0,Failure to Keep Right,,,,,4639406,Station Wagon/Sport Utility Vehicle,,,,
06/20/2023,23:06,BROOKLYN,11236,40.648354,-73.91001,"(40.648354, -73.91001)",AVENUE D,EAST 94 STREET,,1,0,0,0,0,0,1,0,Traffic Control Disregarded,Unspecified,,,,4639650,Sedan,Sedan,,,
06/20/2023,18:10,,,,,,ASTORIA BOULEVARD,33 STREET,,0,0,0,0,0,0,0,0,Unspecified,Unspecified,,,,4639302,Station Wagon/Sport Utility Vehicle,Sedan,,,
06/20/2023,8:15,,,,,,BROOKLYN QUEENS EXPRESSWAY,,,3,0,0,0,0,0,3,0,Driver Inattention/Distraction,Unspecified,,,,4639707,Station Wagon/Sport Utility Vehicle,Bus,,,
06/20/2023,15:55,,,40.68623,-74.00046,"(40.68623, -74.00046)",BROOKLYN QUEENS EXPRESSWAY,,,2,0,0,0,0,0,2,0,Unsafe Lane Changing,Unspecified,Unspecified,,,4639634,Station Wagon/Sport Utility Vehicle,Station Wagon/Sport Utility Vehicle,Station Wagon/Sport Utility Vehicle,,
06/20/2023,11:15,QUEENS,11372,40.748962,-73.89176,"(40.748962, -73.89176)",37 AVENUE,74 STREET,,1,0,0,0,1,0,0,0,Failure to Keep Right,Unspecified,,,,4639291,Sedan,Bike,,,
06/20/2023,14:08,BROOKLYN,11229,40.605793,-73.93999,"(40.605793, -73.93999)",,,1882      BATCHELDER STREET,3,0,0,0,0,0,3,0,Unspecified,Unspecified,,,,4639337,Station Wagon/Sport Utility Vehicle,Sedan,,,
06/20/2023,14:40,BRONX,10466,40.885666,-73.84226,"(40.885666, -73.84226)",,,1965      SCHIEFELIN AVENUE,1,0,1,0,0,0,0,0,Unspecified,,,,,4639264,Sedan,,,,
06/20/2023,7:02,BRONX,10471,40.889874,-73.88743,"(40.889874, -73.88743)",MAJOR DEEGAN EXPRESSWAY,MOSHOLU PARKWAY,,0,0,0,0,0,0,0,0,Passing or Lane Usage Improper,Unspecified,,,,4639933,Sedan,Sedan,,,
06/20/2023,9:30,,,40.539898,-74.16103,"(40.539898, -74.16103)",RICHMOND AVENUE,,,1,0,1,0,0,0,0,0,Driver Inattention/Distraction,,,,,4639485,,,,,
06/20/2023,12:45,MANHATTAN,10010,40.73883,-73.983154,"(40.73883, -73.983154)",EAST 23 STREET,3 AVENUE,,0,0,0,0,0,0,0,0,Unspecified,Unspecified,,,,4639828,Station Wagon/Sport Utility Vehicle,Bike,,,
06/20/2023,0:40,QUEENS,11422,40.669075,-73.74054,"(40.669075, -73.74054)",,,138-43    233 STREET,0,0,0,0,0,0,0,0,Passing or Lane Usage Improper,Unspecified,Unspecified,Unspecified,Unspecified,4639166,Sedan,Sedan,Sedan,Sedan,Station Wagon/Sport Utility Vehicle
06/20/2023,16:00,,,40.572548,-74.16997,"(40.572548, -74.16997)",,,2975      RICHMOND AVENUE,0,0,0,0,0,0,0,0,Driver Inattention/Distraction,Unspecified,,,,4639542,Station Wagon/Sport Utility Vehicle,Sedan,,,
06/20/2023,18:00,MANHATTAN,10119,40.751625,-73.99419,"(40.751625, -73.99419)",,,1         PENNSYLVANIA PLAZA,0,0,0,0,0,0,0,0,Passenger Distraction,Outside Car Distraction,,,,4639566,Sedan,Sedan,,,
06/20/2023,11:00,,,40.640762,-74.00767,"(40.640762, -74.00767)",7 AVENUE,,,1,0,0,0,0,0,0,0,Backing Unsafely,Unspecified,,,,4639868,E-Bike,Station Wagon/Sport Utility Vehicle,,,
06/20/2023,7:30,,,,,,PELHAM PARKWAY NORTH,STILLWELL AVENUE,,1,0,0,0,0,0,1,0,Following Too Closely,Unspecified,,,,4639398,Sedan,Station Wagon/Sport Utility Vehicle,,,
06/20/2023,11:15,QUEENS,11432,40.709816,-73.80108,"(40.709816, -73.80108)",HIGHLAND AVENUE,162 STREET,,1,0,1,0,0,0,0,0,Driver Inattention/Distraction,,,,,4639747,Sedan,,,,
06/20/2023,0:04,,,40.828518,-73.84119,"(40.828518, -73.84119)",BRUCKNER BOULEVARD,,,0,0,0,0,0,0,0,0,Unspecified,,,,,4639433,Sedan,,,,
06/20/2023,23:10,STATEN ISLAND,10308,40.55933,-74.162224,"(40.55933, -74.162224)",ARMSTRONG AVENUE,EAST BRANDIS AVENUE,,0,0,0,0,0,0,0,0,Driver Inattention/Distraction,,,,,4639551,Station Wagon/Sport Utility Vehicle,,,,
06/20/2023,10:10,MANHATTAN,10002,40.71738,-73.99131,"(40.71738, -73.99131)",ALLEN STREET,GRAND STREET,,1,0,0,0,1,0,0,0,Traffic Control Disregarded,Unspecified,,,,4639331,Bike,Box Truck,,,
06/20/2023,9:17,,,40.689598,-73.91025,"(40.689598, -73.91025)",CENTRAL AVENUE,,,0,0,0,0,0,0,0,0,Driver Inattention/Distraction,Unspecified,,,,4639242,Sedan,PK,,,
06/20/2023,9:50,,,,,,,,96        WEST DRIVE,1,0,0,0,1,0,0,0,Driver Inattention/Distraction,,,,,4639368,Bike,,,,
06/20/2023,16:49,,,,,,HORACE HARDING EXPRESSWAY,UTOPIA PARKWAY,,2,0,0,0,0,0,2,0,Driver Inattention/Distraction,Unspecified,,,,4639355,Station Wagon/Sport Utility Vehicle,Station Wagon/Sport Utility Vehicle,,,
06/20/2023,19:22,BRONX,10457,40.848755,-73.898705,"(40.848755, -73.898705)",PARK AVENUE,EAST 178 STREET,,1,0,1,0,0,0,0,0,Driver Inattention/Distraction,,,,,4639425,Sedan,,,,
06/20/2023,21:11,,,40.607723,-74.1473,"(40.607723, -74.1473)",SOUTH GANNON AVENUE,WILLOWBROOK ROAD,,1,0,0,0,0,0,1,0,Driver Inattention/Distraction,Driver Inattention/Distraction,,,,4639505,Station Wagon/Sport Utility Vehicle,Sedan,,,
06/20/2023,10:15,QUEENS,11372,40.750633,-73.892075,"(40.750633, -73.892075)",,,35-46     74 STREET,1,0,0,0,1,0,0,0,Driver Inattention/Distraction,Unspecified,,,,4639849,Sedan,Bike,,,
06/20/2023,12:00,BROOKLYN,11208,40.67645,-73.86455,"(40.67645, -73.86455)",ELDERTS LANE,PITKIN AVENUE,,0,0,0,0,0,0,0,0,Unspecified,Unspecified,,,,4639535,Sedan,,,,
06/20/2023,20:18,QUEENS,11356,40.789677,-73.85167,"(40.789677, -73.85167)",,,8-09      115 STREET,1,0,0,0,1,0,0,0,View Obstructed/Limited,View Obstructed/Limited,,,,4639407,Sedan,Bike,,,
06/20/2023,16:21,,,40.661964,-73.95705,"(40.661964, -73.95705)",BEDFORD AVENUE,,,1,0,0,0,0,0,0,0,Reaction to Uninvolved Vehicle,Unsafe Speed,,,,4639788,Sedan,E-Bike,,,
06/20/2023,16:00,STATEN ISLAND,10304,40.628544,-74.07648,"(40.628544, -74.07648)",BAY STREET,PROSPECT STREET,,0,0,0,0,0,0,0,0,Driver Inattention/Distraction,Unspecified,,,,4639460,Sedan,Sedan,,,
06/20/2023,20:30,,,40.686996,-73.95685,"(40.686996, -73.95685)",LEXINGTON AVENUE,,,0,0,0,0,0,0,0,0,Passing Too Closely,Unspecified,,,,4640336,Pick-up Truck,,,,
06/20/2023,15:44,BROOKLYN,11212,40.663292,-73.92543,"(40.663292, -73.92543)",EAST 95 STREET,RUTLAND ROAD,,0,0,0,0,0,0,0,0,Driver Inattention/Distraction,Unspecified,,,,4640261,Sedan,Sedan,,,
06/20/2023,19:50,BROOKLYN,11217,40.67841,-73.97911,"(40.67841, -73.97911)",5 AVENUE,SAINT JOHNS PLACE,,1,0,0,0,0,0,1,0,Failure to Yield Right-of-Way,Unspecified,,,,4639980,Moped,Sedan,,,
06/20/2023,7:13,,,40.704308,-73.91924,"(40.704308, -73.91924)",DE KALB AVENUE,,,1,0,0,0,0,0,1,0,Passing or Lane Usage Improper,Unspecified,Unspecified,,,4640315,Station Wagon/Sport Utility Vehicle,Motorcycle,Station Wagon/Sport Utility Vehicle,,
06/20/2023,20:10,BROOKLYN,11221,40.687935,-73.9154,"(40.687935, -73.9154)",HANCOCK STREET,BUSHWICK AVENUE,,0,0,0,0,0,0,0,0,Driver Inattention/Distraction,Unspecified,,,,4640137,Motorbike,Sedan,,,
06/20/2023,8:30,BROOKLYN,11213,40.66792,-73.94791,"(40.66792, -73.94791)",NEW YORK AVENUE,PRESIDENT STREET,,1,0,0,0,0,0,1,0,Following Too Closely,,,,,4640062,Motorcycle,Station Wagon/Sport Utility Vehicle,,,
06/20/2023,7:46,,,40.809406,-73.8803,"(40.809406, -73.8803)",FOOD CENTER DRIVE,HALLECK STREET,,0,0,0,0,0,0,0,0,Following Too Closely,Alcohol Involvement,,,,4640067,Tractor Truck Diesel,Station Wagon/Sport Utility Vehicle,,,
06/20/2023,10:45,QUEENS,11104,40.73822,-73.92633,"(40.73822, -73.92633)",50 AVENUE,39 PLACE,,0,0,0,0,0,0,0,0,Unspecified,,,,,4640320,Sedan,,,,
06/20/2023,7:00,,,40.692776,-73.95769,"(40.692776, -73.95769)",WILLOUGHBY AVENUE,,,0,0,0,0,0,0,0,0,Following Too Closely,Unspecified,,,,4640334,Station Wagon/Sport Utility Vehicle,Box Truck,,,
06/20/2023,16:50,QUEENS,11379,40.713287,-73.87163,"(40.713287, -73.87163)",80 STREET,METROPOLITAN AVENUE,,1,0,0,0,0,0,1,0,View Obstructed/Limited,Unspecified,,,,4640021,Motorcycle,Sedan,,,
06/20/2023,15:15,,,40.667236,-73.770004,"(40.667236, -73.770004)",BELT PARKWAY,,,0,0,0,0,0,0,0,0,Unspecified,Unspecified,Unspecified,,,4640516,Station Wagon/Sport Utility Vehicle,Station Wagon/Sport Utility Vehicle,Station Wagon/Sport Utility Vehicle,,
06/20/2023,12:43,QUEENS,11102,40.776466,-73.92738,"(40.776466, -73.92738)",ASTORIA PARK SOUTH,14 STREET,,1,0,0,0,0,0,0,0,Failure to Yield Right-of-Way,Unspecified,,,,4640466,Sedan,E-Scooter,,,
06/20/2023,4:00,BRONX,10466,40.889496,-73.857925,"(40.889496, -73.857925)",,,747       EAST 228 STREET,0,0,0,0,0,0,0,0,Unsafe Speed,Unspecified,,,,4640372,Sedan,Sedan,,,
06/20/2023,13:40,BROOKLYN,11201,40.689014,-73.99497,"(40.689014, -73.99497)",,,236       CLINTON STREET,0,0,0,0,0,0,0,0,Unspecified,Unspecified,,,,4640241,Station Wagon/Sport Utility Vehicle,Station Wagon/Sport Utility Vehicle,,,
06/20/2023,22:00,BROOKLYN,11226,40.643127,-73.950676,"(40.643127, -73.950676)",EAST 28 STREET,CLARENDON ROAD,,1,0,0,0,0,0,1,0,Driver Inattention/Distraction,Unspecified,,,,4640270,Sedan,Moped,,,
06/20/2023,16:20,,,40.71463,-73.751335,"(40.71463, -73.751335)",JAMAICA AVENUE,,,0,0,0,0,0,0,0,0,Traffic Control Disregarded,Unspecified,,,,4640091,Sedan,,,,
06/20/2023,15:55,,,40.662693,-73.91871,"(40.662693, -73.91871)",HOWARD AVENUE,,,1,0,1,0,0,0,0,0,Unspecified,,,,,4640517,,,,,
06/20/2023,15:08,QUEENS,11412,40.69612,-73.746185,"(40.69612, -73.746185)",FRANCIS LEWIS BOULEVARD,LINDEN BOULEVARD,,1,0,0,0,0,0,1,0,Driver Inexperience,Lost Consciousness,,,,4640149,Station Wagon/Sport Utility Vehicle,Sedan,,,
06/20/2023,21:30,,,40.757908,-73.9893,"(40.757908, -73.9893)",8 AVENUE,,,2,0,0,0,0,0,2,0,Driver Inattention/Distraction,Unspecified,,,,4640430,Station Wagon/Sport Utility Vehicle,Station Wagon/Sport Utility Vehicle,,,
06/20/2023,17:54,,,40.711975,-73.76945,"(40.711975, -73.76945)",190 STREET,JAMAICA AVENUE,,1,0,0,0,1,0,0,0,Turning Improperly,Unspecified,,,,4640504,Sedan,E-Bike,,,
06/20/2023,20:57,BROOKLYN,11203,40.655334,-73.93077,"(40.655334, -73.93077)",UTICA AVENUE,LENOX ROAD,,3,0,0,0,0,0,3,0,Driver Inattention/Distraction,Unspecified,,,,4640263,Sedan,Station Wagon/Sport Utility Vehicle,,,
06/20/2023,8:25,BROOKLYN,11203,40.650467,-73.92443,"(40.650467, -73.92443)",SNYDER AVENUE,EAST 56 STREET,,1,0,0,0,0,0,1,0,Unspecified,Unspecified,,,,4640272,Motorcycle,Station Wagon/Sport Utility Vehicle,,,
06/20/2023,3:30,,,,,,van wyck expressway,linden boulevard,,1,0,0,0,0,0,1,0,Driverless/Runaway Vehicle,Following Too Closely,Following Too Closely,,,4640145,Sedan,Sedan,Dump,,
06/20/2023,23:55,,,40.809406,-73.8803,"(40.809406, -73.8803)",HALLECK STREET,FOOD CENTER DRIVE,,0,0,0,0,0,0,0,0,View Obstructed/Limited,Traffic Control Disregarded,,,,4640068,Tractor Truck Diesel,Pick-up Truck,,,
06/20/2023,17:30,BROOKLYN,11210,40.63771,-73.948166,"(40.63771, -73.948166)",,,1957      NOSTRAND AVENUE,1,0,0,0,0,0,1,0,Driver Inattention/Distraction,Unspecified,,,,4640273,Sedan,,,,
06/21/2023,19:30,,,,,,NASSAU EXPRESSWAY,,,2,0,0,0,0,0,2,0,Following Too Closely,Unspecified,,,,4639663,Sedan,Motorscooter,,,
06/21/2023,10:05,BRONX,10469,,,,BAYCHESTER AVENUE,EDSON AVENUE,,1,0,0,0,0,0,1,0,Unsafe Speed,Unspecified,,,,4639753,Sedan,Motorcycle,,,
06/21/2023,16:20,,,40.716778,-73.93635,"(40.716778, -73.93635)",MASPETH AVENUE,,,0,0,0,0,0,0,0,0,Driver Inattention/Distraction,Oversized Vehicle,,,,4639681,Sedan,Tractor Truck Diesel,,,
06/21/2023,15:40,STATEN ISLAND,10304,40.613586,-74.08267,"(40.613586, -74.08267)",PARK HILL AVENUE,SOBEL COURT,,0,0,0,0,0,0,0,0,Failure to Yield Right-of-Way,Unspecified,,,,4639771,Sedan,Sedan,,,
06/21/2023,7:26,,,40.719063,-73.90729,"(40.719063, -73.90729)",FLUSHING AVENUE,59 AVENUE,,0,0,0,0,0,0,0,0,Passing Too Closely,Unspecified,,,,4640027,Station Wagon/Sport Utility Vehicle,Tractor Truck Gasoline,,,
06/21/2023,14:58,,,40.686817,-73.97821,"(40.686817, -73.97821)",ASHLAND PLACE,,,1,0,0,0,1,0,0,0,Driver Inattention/Distraction,Unspecified,,,,4640309,Sedan,Bike,,,
06/21/2023,11:15,QUEENS,11378,40.72428,-73.898445,"(40.72428, -73.898445)",GRAND AVENUE,HAMILTON PLACE,,3,0,0,0,0,0,3,0,Following Too Closely,Unspecified,,,,4640012,Station Wagon/Sport Utility Vehicle,Box Truck,,,
06/21/2023,0:16,QUEENS,11420,40.682285,-73.80805,"(40.682285, -73.80805)",LINDEN BOULEVARD,134 STREET,,0,0,0,0,0,0,0,0,Alcohol Involvement,Unspecified,Unspecified,,,4639362,Station Wagon/Sport Utility Vehicle,Sedan,Sedan,,
06/21/2023,17:26,,,,,,WILLIAMSBURG BRIDGE INNER ROADWA,,,0,0,0,0,0,0,0,0,Failure to Yield Right-of-Way,Unspecified,Unspecified,,,4640479,Sedan,Station Wagon/Sport Utility Vehicle,Station Wagon/Sport Utility Vehicle,,
06/21/2023,9:05,,,40.61023,-74.10529,"(40.61023, -74.10529)",STATEN ISLAND EXPRESSWAY,,,0,0,0,0,0,0,0,0,Following Too Closely,Unspecified,Unspecified,,,4639741,Sedan,Station Wagon/Sport Utility Vehicle,Station Wagon/Sport Utility Vehicle,,
06/21/2023,0:50,STATEN ISLAND,10304,40.59265,-74.10083,"(40.59265, -74.10083)",FOREST ROAD,RICHMOND ROAD,,0,0,0,0,0,0,0,0,Driver Inattention/Distraction,Unspecified,,,,4640131,Sedan,Sedan,,,
06/21/2023,20:30,MANHATTAN,10027,40.809494,-73.94797,"(40.809494, -73.94797)",,,2116      7 AVENUE,2,0,0,0,0,0,2,0,Driver Inattention/Distraction,Failure to Yield Right-of-Way,,,,4639810,Station Wagon/Sport Utility Vehicle,Station Wagon/Sport Utility Vehicle,,,
06/21/2023,9:07,,,40.721905,-73.84502,"(40.721905, -73.84502)",70 ROAD,QUEENS BOULEVARD,,0,0,0,0,0,0,0,0,Driver Inattention/Distraction,Driver Inattention/Distraction,,,,4640054,Box Truck,Sedan,,,
06/21/2023,2:40,,,40.76422,-73.98099,"(40.76422, -73.98099)",7 AVENUE,,,0,0,0,0,0,0,0,0,Other Vehicular,,,,,4639408,Station Wagon/Sport Utility Vehicle,,,,
06/21/2023,7:50,BROOKLYN,11203,40.653873,-73.94509,"(40.653873, -73.94509)",,,68        EAST 35 STREET,0,0,0,0,0,0,0,0,Unspecified,,,,,4640276,Sedan,,,,
06/21/2023,11:42,,,40.67786,-73.93863,"(40.67786, -73.93863)",ATLANTIC AVENUE,,,1,0,0,0,1,0,0,0,Driver Inattention/Distraction,Driver Inattention/Distraction,,,,4639818,Station Wagon/Sport Utility Vehicle,Bike,,,
06/21/2023,16:05,QUEENS,11436,40.668636,-73.79189,"(40.668636, -73.79189)",147 STREET,133 AVENUE,,3,0,0,0,0,0,3,0,Unsafe Speed,Driver Inattention/Distraction,,,,4640162,Station Wagon/Sport Utility Vehicle,Sedan,,,
06/21/2023,8:50,BRONX,10469,40.873344,-73.85654,"(40.873344, -73.85654)",,,3316      LURTING AVENUE,0,0,0,0,0,0,0,0,Unspecified,,,,,4639450,Sedan,,,,
06/21/2023,23:14,QUEENS,11414,40.658302,-73.83388,"(40.658302, -73.83388)",99 STREET,160 AVENUE,,0,0,0,0,0,0,0,0,Traffic Control Disregarded,Unspecified,,,,4639662,Station Wagon/Sport Utility Vehicle,Station Wagon/Sport Utility Vehicle,,,
06/21/2023,9:58,BROOKLYN,11232,40.65476,-74.00724,"(40.65476, -74.00724)",,,976       3 AVENUE,3,0,2,0,0,0,1,0,Driver Inattention/Distraction,Unspecified,Unspecified,,,4639876,Sedan,Sedan,Sedan,,
06/21/2023,19:00,STATEN ISLAND,10306,40.575653,-74.119514,"(40.575653, -74.119514)",,,10        NEW DORP LANE,1,0,0,0,0,0,1,0,Lost Consciousness,,,,,4640119,Sedan,,,,
06/21/2023,12:14,,,,,,HAMILTON AVENUE,BROOKLYN QNS EXPRESSWAY,,1,0,0,0,0,0,1,0,Driver Inattention/Distraction,Driver Inattention/Distraction,,,,4639638,Sedan,Tractor Truck Diesel,,,
06/21/2023,8:04,MANHATTAN,10002,40.7224,-73.99165,"(40.7224, -73.99165)",CHRYSTIE STREET,STANTON STREET,,1,0,0,0,0,0,1,0,Driver Inattention/Distraction,,,,,4639570,Sedan,,,,
06/21/2023,6:45,QUEENS,11419,40.689445,-73.808716,"(40.689445, -73.808716)",VANWYCK EXPRESSWAY,106 AVENUE,,1,0,0,0,0,0,1,0,Passing or Lane Usage Improper,Unspecified,,,,4640508,Pick-up Truck,Station Wagon/Sport Utility Vehicle,,,
06/21/2023,18:30,BROOKLYN,11209,40.623997,-74.036736,"(40.623997, -74.036736)",COLONIAL ROAD,87 STREET,,0,0,0,0,0,0,0,0,Driver Inexperience,Unspecified,,,,4639621,Station Wagon/Sport Utility Vehicle,Station Wagon/Sport Utility Vehicle,,,
06/21/2023,0:45,MANHATTAN,10018,40.753754,-73.98863,"(40.753754, -73.98863)",,,526       7 AVENUE,0,0,0,0,0,0,0,0,Pedestrian/Bicyclist/Other Pedestrian Error/Confusion,Unspecified,,,,4639587,Taxi,Bike,,,
06/21/2023,21:25,BROOKLYN,11236,40.648354,-73.91001,"(40.648354, -73.91001)",EAST 94 STREET,AVENUE D,,0,0,0,0,0,0,0,0,Driver Inattention/Distraction,Unspecified,,,,4639657,Pick-up Truck,Station Wagon/Sport Utility Vehicle,,,
06/21/2023,7:55,,,,,,BROOKLYN QUEENS EXPRESSWAY RAMP,,,0,0,0,0,0,0,0,0,Passing or Lane Usage Improper,Unspecified,,,,4639499,Station Wagon/Sport Utility Vehicle,Pick-up Truck,,,
06/21/2023,17:10,MANHATTAN,10010,40.73831,-73.98775,"(40.73831, -73.98775)",PARK AVENUE SOUTH,EAST 20 STREET,,1,0,0,0,0,0,1,0,Unspecified,Unspecified,,,,4639825,Box Truck,Taxi,,,
06/21/2023,8:54,BRONX,10457,40.848377,-73.89631,"(40.848377, -73.89631)",,,1968      BATHGATE AVENUE,0,0,0,0,0,0,0,0,Passing Too Closely,Unspecified,,,,4639974,Sedan,,,,
06/21/2023,18:00,BROOKLYN,11235,40.58115,-73.96376,"(40.58115, -73.96376)",NEPTUNE AVENUE,BRIGHTON 5 STREET,,0,0,0,0,0,0,0,0,Driver Inattention/Distraction,Unspecified,,,,4640294,Station Wagon/Sport Utility Vehicle,,,,
06/21/2023,0:00,,,,,,,,500       MAIN STREET,1,0,1,0,0,0,0,0,Driver Inattention/Distraction,,,,,4640490,Sedan,,,,
06/21/2023,17:24,BRONX,10451,40.829144,-73.9287,"(40.829144, -73.9287)",,,20        EAST 161 STREET,1,0,1,0,0,0,0,0,Failure to Yield Right-of-Way,,,,,4639966,Sedan,,,,
06/21/2023,11:50,QUEENS,11356,40.781693,-73.839615,"(40.781693, -73.839615)",20 AVENUE,129 STREET,,2,0,0,0,0,0,2,0,Failure to Yield Right-of-Way,Unspecified,,,,4639529,Sedan,Station Wagon/Sport Utility Vehicle,,,
06/21/2023,5:00,,,40.749283,-73.756645,"(40.749283, -73.756645)",LONG ISLAND EXPRESSWAY,,,1,0,0,0,0,0,1,0,Unsafe Lane Changing,Passing or Lane Usage Improper,,,,4639645,Sedan,Sedan,,,
06/21/2023,19:00,BROOKLYN,11212,40.656784,-73.91379,"(40.656784, -73.91379)",CHURCH AVENUE,EAST 98 STREET,,1,0,0,0,0,0,1,0,Unspecified,,,,,4640275,Sedan,Bus,,,
06/21/2023,15:00,QUEENS,11421,40.692665,-73.85644,"(40.692665, -73.85644)",,,87-50     JAMAICA AVENUE,0,0,0,0,0,0,0,0,Passing or Lane Usage Improper,Unspecified,,,,4639702,Sedan,,,,
06/21/2023,12:48,BROOKLYN,11207,40.67816,-73.897484,"(40.67816, -73.897484)",JAMAICA AVENUE,PENNSYLVANIA AVENUE,,0,0,0,0,0,0,0,0,Driver Inattention/Distraction,Traffic Control Disregarded,,,,4639609,Station Wagon/Sport Utility Vehicle,Sedan,,,
06/21/2023,9:40,QUEENS,11414,40.6724,-73.856834,"(40.6724, -73.856834)",,,133-40    79 STREET,0,0,0,0,0,0,0,0,Passing or Lane Usage Improper,Unspecified,,,,4639950,Station Wagon/Sport Utility Vehicle,,,,
06/21/2023,13:12,,,40.66095,-73.92906,"(40.66095, -73.92906)",REMSEN AVENUE,RUTLAND ROAD,,1,0,0,0,0,0,1,0,Unspecified,,,,,4640265,Station Wagon/Sport Utility Vehicle,,,,
06/21/2023,0:00,,,40.692795,-73.92116,"(40.692795, -73.92116)",GROVE STREET,,,0,0,0,0,0,0,0,0,Following Too Closely,Unspecified,,,,4640344,Station Wagon/Sport Utility Vehicle,,,,
06/21/2023,14:09,QUEENS,11354,40.76838,-73.80838,"(40.76838, -73.80838)",,,156-06    33 AVENUE,0,0,0,0,0,0,0,0,Backing Unsafely,Unspecified,,,,4639790,Sedan,Station Wagon/Sport Utility Vehicle,,,
06/21/2023,13:20,,,40.706493,-73.90285,"(40.706493, -73.90285)",WOODBINE STREET,FOREST AVENUE,,0,0,0,0,0,0,0,0,Passing Too Closely,Unspecified,,,,4640016,Sedan,Station Wagon/Sport Utility Vehicle,,,
06/21/2023,15:12,BRONX,10469,40.868263,-73.85894,"(40.868263, -73.85894)",,,2929      BOSTON ROAD,2,0,0,0,0,0,2,0,Driver Inattention/Distraction,Unspecified,,,,4639820,Station Wagon/Sport Utility Vehicle,Station Wagon/Sport Utility Vehicle,,,
06/21/2023,13:05,QUEENS,11105,40.771236,-73.9038,"(40.771236, -73.9038)",,,43-26     DITMARS BOULEVARD,1,0,0,0,0,0,1,0,Turning Improperly,Unspecified,,,,4639723,Van,Motorcycle,,,
06/21/2023,12:35,MANHATTAN,10030,40.815304,-73.94371,"(40.815304, -73.94371)",WEST 135 STREET,7 AVENUE,,1,0,1,0,0,0,0,0,Driver Inattention/Distraction,,,,,4640597,Station Wagon/Sport Utility Vehicle,,,,
06/21/2023,15:30,,,,,,NEW ENGLAND THRUWAY,,,1,0,0,0,0,0,1,0,Driver Inattention/Distraction,Unspecified,Unspecified,,,4640187,Bus,Station Wagon/Sport Utility Vehicle,Station Wagon/Sport Utility Vehicle,,
06/21/2023,9:15,,,40.864132,-73.89132,"(40.864132, -73.89132)",MARION AVENUE,,,0,0,0,0,0,0,0,0,Unspecified,,,,,4639668,Station Wagon/Sport Utility Vehicle,,,,
06/21/2023,0:00,,,40.68087,-73.97515,"(40.68087, -73.97515)",FLATBUSH AVENUE,,,2,0,0,0,0,0,1,0,Unspecified,Unspecified,,,,4639999,Station Wagon/Sport Utility Vehicle,E-Scooter,,,
06/21/2023,16:13,QUEENS,11415,40.70675,-73.8318,"(40.70675, -73.8318)",,,82-46     LEFFERTS BOULEVARD,1,0,0,0,0,0,1,0,Backing Unsafely,Unspecified,,,,4639744,Station Wagon/Sport Utility Vehicle,Station Wagon/Sport Utility Vehicle,,,
06/21/2023,17:55,QUEENS,11691,40.596256,-73.76684,"(40.596256, -73.76684)",SEAGIRT BOULEVARD,ROCKAWAY FREEWAY,,0,0,0,0,0,0,0,0,Driver Inattention/Distraction,Unspecified,,,,4640208,Sedan,AMBULANCE,,,
06/21/2023,21:12,,,40.832897,-73.862274,"(40.832897, -73.862274)",WHITE PLAINS ROAD,WESTCHESTER AVENUE,,0,0,0,0,0,0,0,0,Unspecified,Unspecified,,,,4639813,Pick-up Truck,Station Wagon/Sport Utility Vehicle,,,
06/21/2023,1:35,,,40.63552,-74.0167,"(40.63552, -74.0167)",65 STREET,6 AVENUE,,0,0,0,0,0,0,0,0,Passing or Lane Usage Improper,Unspecified,,,,4639379,Sedan,,,,
06/21/2023,4:53,,,40.8178,-73.89299,"(40.8178, -73.89299)",BRUCKNER EXPRESSWAY,,,0,0,0,0,0,0,0,0,Following Too Closely,Unspecified,,,,4640070,Sedan,,,,
06/21/2023,8:15,BROOKLYN,11215,40.66359,-73.9911,"(40.66359, -73.9911)",17 STREET,5 AVENUE,,0,0,0,0,0,0,0,0,Turning Improperly,Unspecified,,,,4640280,Flat Rack,,,,
06/21/2023,0:27,BRONX,10457,40.85025,-73.9007,"(40.85025, -73.9007)",EAST BURNSIDE AVENUE,VALENTINE AVENUE,,1,0,0,0,0,0,1,0,Unspecified,,,,,4639414,Motorcycle,,,,
06/21/2023,9:00,BRONX,10468,40.86269,-73.910545,"(40.86269, -73.910545)",,,2121      CEDAR AVENUE,0,0,0,0,0,0,0,0,Unspecified,,,,,4639667,Station Wagon/Sport Utility Vehicle,,,,
06/21/2023,18:15,BRONX,10460,40.835938,-73.86697,"(40.835938, -73.86697)",,,1426      BEACH AVENUE,0,0,0,0,0,0,0,0,Driver Inattention/Distraction,Unspecified,,,,4639815,Station Wagon/Sport Utility Vehicle,,,,
06/21/2023,14:40,,,,,,TILLARY STREET,BROOKLYN QNS EXPRESSWAY,,0,0,0,0,0,0,0,0,View Obstructed/Limited,,,,,4640048,Sedan,,,,
06/21/2023,16:00,,,40.697315,-73.932274,"(40.697315, -73.932274)",BUSHWICK AVENUE,,,0,0,0,0,0,0,0,0,Driver Inattention/Distraction,Unspecified,,,,4639731,Station Wagon/Sport Utility Vehicle,,,,
06/21/2023,23:45,,,40.801914,-73.95348,"(40.801914, -73.95348)",WEST 114 STREET,,,0,0,0,0,0,0,0,0,Unspecified,Unspecified,Unspecified,,,4639979,Sedan,Sedan,Sedan,,
06/21/2023,23:50,QUEENS,11413,40.67337,-73.75619,"(40.67337, -73.75619)",SPRINGFIELD BOULEVARD,139 AVENUE,,0,0,0,0,0,0,0,0,Passing or Lane Usage Improper,Unspecified,,,,4640148,Sedan,,,,
06/21/2023,20:50,QUEENS,11435,40.699017,-73.80696,"(40.699017, -73.80696)",SUTPHIN BOULEVARD,94 AVENUE,,0,0,0,0,0,0,0,0,Backing Unsafely,Unspecified,,,,4639773,Sedan,Sedan,,,
06/21/2023,6:30,BRONX,10457,40.85651,-73.897316,"(40.85651, -73.897316)",EAST 183 STREET,TIEBOUT AVENUE,,0,0,0,0,0,0,0,0,Unspecified,,,,,4640038,Sedan,,,,
06/21/2023,23:15,,,40.550568,-74.163765,"(40.550568, -74.163765)",RIDGEWOOD AVENUE,,,0,0,0,0,0,0,0,0,Lost Consciousness,Unspecified,,,,4640128,Station Wagon/Sport Utility Vehicle,Station Wagon/Sport Utility Vehicle,,,
06/21/2023,9:00,MANHATTAN,10014,40.734783,-74.00396,"(40.734783, -74.00396)",,,69        CHARLES STREET,0,0,0,0,0,0,0,0,Driver Inexperience,Unspecified,,,,4639606,Flat Rack,Sedan,,,
06/21/2023,18:20,QUEENS,11374,40.731815,-73.8713,"(40.731815, -73.8713)",LONG ISLAND EXPRESSWAY,WOODHAVEN BOULEVARD,,0,0,0,0,0,0,0,0,Driver Inattention/Distraction,Unspecified,,,,4639629,Sedan,Bus,,,
06/21/2023,16:54,BROOKLYN,11225,40.66771,-73.95734,"(40.66771, -73.95734)",,,995       CARROLL STREET,1,0,0,0,0,0,1,0,Unsafe Speed,Driver Inattention/Distraction,,,,4640180,Sedan,Sedan,,,
06/21/2023,12:58,,,40.724262,-73.93745,"(40.724262, -73.93745)",BROOKLYN QUEENS EXPRESSWAY,,,0,0,0,0,0,0,0,0,Aggressive Driving/Road Rage,Unspecified,,,,4639682,Station Wagon/Sport Utility Vehicle,Pick-up Truck,,,
06/21/2023,5:50,,,40.651974,-73.86542,"(40.651974, -73.86542)",BELT PARKWAY,,,0,0,0,0,0,0,0,0,Unsafe Speed,Unspecified,Unspecified,,,4639537,Sedan,Sedan,,,
06/21/2023,20:05,BROOKLYN,11226,40.649788,-73.9622,"(40.649788, -73.9622)",CHURCH AVENUE,SAINT PAULS PLACE,,0,0,0,0,0,0,0,0,Unspecified,Unspecified,,,,4639855,Station Wagon/Sport Utility Vehicle,Sedan,,,
06/21/2023,12:30,,,40.703857,-73.768814,"(40.703857, -73.768814)",LIBERTY AVENUE,,,0,0,0,0,0,0,0,0,Driver Inattention/Distraction,Driver Inattention/Distraction,,,,4639615,Station Wagon/Sport Utility Vehicle,Station Wagon/Sport Utility Vehicle,,,
06/21/2023,13:00,QUEENS,11411,40.697525,-73.746826,"(40.697525, -73.746826)",FRANCIS LEWIS BOULEVARD,116 AVENUE,,1,0,1,0,0,0,0,0,Failure to Yield Right-of-Way,,,,,4639749,Sedan,,,,
06/21/2023,8:13,,,40.70324,-73.92615,"(40.70324, -73.92615)",KNICKERBOCKER AVENUE,,,1,0,0,0,1,0,0,0,Driver Inattention/Distraction,Unspecified,,,,4640343,Sedan,Bike,,,
06/21/2023,14:00,,,40.596542,-74.00247,"(40.596542, -74.00247)",BELT PARKWAY,,,0,0,0,0,0,0,0,0,Driver Inattention/Distraction,Following Too Closely,,,,4640143,Pick-up Truck,Station Wagon/Sport Utility Vehicle,,,
06/21/2023,0:00,,,40.63223,-73.99504,"(40.63223, -73.99504)",54 STREET,,,1,0,1,0,0,0,0,0,Pedestrian/Bicyclist/Other Pedestrian Error/Confusion,,,,,4639672,Station Wagon/Sport Utility Vehicle,,,,
06/21/2023,8:00,BRONX,10466,40.890915,-73.858765,"(40.890915, -73.858765)",,,4109      WHITE PLAINS ROAD,1,0,0,0,0,0,0,0,Following Too Closely,Unspecified,,,,4639449,Ambulance,E-Scooter,,,
06/21/2023,23:50,BRONX,10452,40.840225,-73.91769,"(40.840225, -73.91769)",JEROME AVENUE,EAST 170 STREET,,2,0,0,0,0,0,2,0,Traffic Control Disregarded,Unsafe Speed,,,,4639965,Sedan,Motorcycle,,,
06/21/2023,23:25,,,40.62671,-74.00436,"(40.62671, -74.00436)",66 STREET,,,0,0,0,0,0,0,0,0,Unspecified,,,,,4639658,Station Wagon/Sport Utility Vehicle,,,,
06/21/2023,16:40,,,40.888596,-73.89068,"(40.888596, -73.89068)",MAJOR DEEGAN EXPRESSWAY,,,0,0,0,0,0,0,0,0,Following Too Closely,Reaction to Uninvolved Vehicle,Unspecified,,,4639936,Station Wagon/Sport Utility Vehicle,Station Wagon/Sport Utility Vehicle,,,
06/21/2023,9:29,,,,,,VERRAZANO BRIDGE UPPER,,,2,0,0,0,0,0,2,0,Traffic Control Disregarded,Following Too Closely,,,,4639794,Sedan,Sedan,,,
06/21/2023,12:20,BROOKLYN,11220,40.635307,-74.00974,"(40.635307, -74.00974)",,,6023      8 AVENUE,1,0,1,0,0,0,0,0,,,,,,4639760,,,,,
06/21/2023,8:35,BRONX,10472,40.83714,-73.87501,"(40.83714, -73.87501)",,,1460      BRONX RIVER AVENUE,1,0,1,0,0,0,0,0,Failure to Yield Right-of-Way,,,,,4639495,Station Wagon/Sport Utility Vehicle,,,,
06/21/2023,21:25,MANHATTAN,10002,40.719204,-73.987885,"(40.719204, -73.987885)",,,109       ESSEX STREET,1,0,0,0,1,0,0,0,Turning Improperly,Unspecified,Unspecified,,,4639636,Bike,Sedan,,,
06/21/2023,7:00,BRONX,10468,40.860264,-73.90164,"(40.860264, -73.90164)",WALTON AVENUE,EAST 184 STREET,,0,0,0,0,0,0,0,0,View Obstructed/Limited,,,,,4639845,Flat Bed,,,,
06/21/2023,15:15,MANHATTAN,10035,40.80635,-73.938095,"(40.80635, -73.938095)",PARK AVENUE,EAST 127 STREET,,0,0,0,0,0,0,0,0,Following Too Closely,Unspecified,,,,4639691,Station Wagon/Sport Utility Vehicle,Sedan,,,
06/21/2023,16:34,,,40.766285,-73.98186,"(40.766285, -73.98186)",WEST 57 STREET,,,1,0,0,0,1,0,0,0,Driver Inattention/Distraction,Driver Inattention/Distraction,,,,4639832,Sedan,Bike,,,
06/21/2023,15:25,,,40.756264,-73.823524,"(40.756264, -73.823524)",FRANKLIN AVENUE,,,1,0,0,0,1,0,0,0,Backing Unsafely,Unspecified,Unspecified,,,4639787,E-Bike,Sedan,Station Wagon/Sport Utility Vehicle,,
06/21/2023,12:10,QUEENS,11379,40.71438,-73.90111,"(40.71438, -73.90111)",,,61-22G    FRESH POND ROAD,1,0,0,0,0,0,0,0,Failure to Yield Right-of-Way,Failure to Yield Right-of-Way,,,,4640022,Station Wagon/Sport Utility Vehicle,E-Scooter,,,
06/21/2023,0:09,,,40.71976,-73.94476,"(40.71976, -73.94476)",BROOKLYN QUEENS EXPRESSWAY,,,0,0,0,0,0,0,0,0,Driver Inattention/Distraction,,,,,4639383,Sedan,,,,
06/21/2023,16:45,,,40.756035,-73.98695,"(40.756035, -73.98695)",WEST 42 STREET,,,1,0,0,0,0,0,1,0,Outside Car Distraction,Driver Inattention/Distraction,,,,4640425,Station Wagon/Sport Utility Vehicle,Station Wagon/Sport Utility Vehicle,,,
06/21/2023,16:00,BROOKLYN,11206,40.69745,-73.93611,"(40.69745, -73.93611)",,,924       BROADWAY,0,0,0,0,0,0,0,0,Unspecified,Unspecified,,,,4640392,Sedan,,,,
06/21/2023,6:30,QUEENS,11433,40.70045,-73.78688,"(40.70045, -73.78688)",,,105-36    170 STREET,0,0,0,0,0,0,0,0,Backing Unsafely,Unspecified,,,,4639614,Sedan,Station Wagon/Sport Utility Vehicle,,,
06/21/2023,13:25,QUEENS,11423,40.71928,-73.76362,"(40.71928, -73.76362)",HILLSIDE AVENUE,199 STREET,,0,0,0,0,0,0,0,0,Driver Inattention/Distraction,Unspecified,,,,4639616,Station Wagon/Sport Utility Vehicle,,,,
06/21/2023,4:24,QUEENS,11365,40.739986,-73.7923,"(40.739986, -73.7923)",,,58-35     182 STREET,0,0,0,0,0,0,0,0,Driver Inexperience,Unspecified,,,,4639644,Station Wagon/Sport Utility Vehicle,Station Wagon/Sport Utility Vehicle,,,
06/21/2023,7:50,BROOKLYN,11204,40.627872,-73.98481,"(40.627872, -73.98481)",17 AVENUE,52 STREET,,1,0,0,0,1,0,0,0,Unspecified,Unspecified,,,,4639671,Sedan,Bike,,,
06/21/2023,15:55,BROOKLYN,11206,40.70547,-73.95024,"(40.70547, -73.95024)",BROADWAY,UNION AVENUE,,1,0,0,0,0,0,1,0,Passing or Lane Usage Improper,Unspecified,,,,4639953,Sedan,Motorcycle,,,
06/21/2023,9:34,QUEENS,11428,40.714436,-73.752,"(40.714436, -73.752)",,,208-19    JAMAICA AVENUE,0,0,0,0,0,0,0,0,Driver Inattention/Distraction,Unspecified,,,,4639523,Station Wagon/Sport Utility Vehicle,Carry All,,,
06/21/2023,2:45,,,40.700737,-73.99499,"(40.700737, -73.99499)",BROOKLYN QUEENS EXPRESSWAY,,,0,0,0,0,0,0,0,0,Following Too Closely,Unspecified,,,,4639896,Station Wagon/Sport Utility Vehicle,,,,
06/21/2023,11:26,BROOKLYN,11217,40.683064,-73.98222,"(40.683064, -73.98222)",,,103       3 AVENUE,3,0,0,0,0,0,3,0,Driver Inattention/Distraction,Following Too Closely,Unspecified,,,4640573,Box Truck,Station Wagon/Sport Utility Vehicle,Pick-up Truck,,
06/21/2023,20:00,,,40.720238,-73.94441,"(40.720238, -73.94441)",MEEKER AVENUE,HUMBOLDT STREET,,0,0,0,0,0,0,0,0,Following Too Closely,Unspecified,,,,4640500,Sedan,Station Wagon/Sport Utility Vehicle,,,
06/21/2023,9:43,BROOKLYN,11207,40.674767,-73.88536,"(40.674767, -73.88536)",GLENMORE AVENUE,ASHFORD STREET,,1,0,0,0,0,0,1,0,Unspecified,Unspecified,,,,4639538,Taxi,Taxi,,,
06/21/2023,21:50,QUEENS,11362,40.752705,-73.74144,"(40.752705, -73.74144)",DOUGLASTON PARKWAY,65 AVENUE,,1,0,1,0,0,0,0,0,Unspecified,,,,,4639640,Sedan,,,,
06/21/2023,18:01,BRONX,10474,40.81813,-73.89101,"(40.81813, -73.89101)",GARRISON AVENUE,BARRETTO STREET,,1,0,0,0,1,0,0,0,Passing or Lane Usage Improper,Unspecified,,,,4640069,Station Wagon/Sport Utility Vehicle,Bike,,,
06/21/2023,10:05,BROOKLYN,11223,40.59771,-73.96653,"(40.59771, -73.96653)",,,512       AVENUE U,0,0,0,0,0,0,0,0,Driver Inattention/Distraction,Unspecified,,,,4639666,Bus,Station Wagon/Sport Utility Vehicle,,,
06/21/2023,2:43,BRONX,10453,40.861862,-73.91275,"(40.861862, -73.91275)",WEST FORDHAM ROAD,MAJOR DEEGAN EXPRESSWAY,,0,0,0,0,0,0,0,0,Passing or Lane Usage Improper,Unspecified,,,,4639816,Sedan,,,,
06/21/2023,13:40,QUEENS,11368,40.757793,-73.861916,"(40.757793, -73.861916)",NORTHERN BOULEVARD,107 STREET,,1,0,0,0,0,0,1,0,Following Too Closely,Following Too Closely,Unspecified,,,4639601,Station Wagon/Sport Utility Vehicle,Station Wagon/Sport Utility Vehicle,Station Wagon/Sport Utility Vehicle,,
06/21/2023,18:52,,,40.723335,-73.93888,"(40.723335, -73.93888)",BROOKLYN QUEENS EXPRESSWAY,,,0,0,0,0,0,0,0,0,Unsafe Lane Changing,Unspecified,,,,4639683,Station Wagon/Sport Utility Vehicle,Station Wagon/Sport Utility Vehicle,,,
06/21/2023,6:25,BRONX,10472,40.8339,-73.87629,"(40.8339, -73.87629)",,,1595      EAST 174 STREET,1,0,0,0,0,0,1,0,Following Too Closely,Unspecified,,,,4639494,Bus,Station Wagon/Sport Utility Vehicle,,,
06/21/2023,23:00,QUEENS,11434,40.668056,-73.78327,"(40.668056, -73.78327)",,,136-05    CRANSTON STREET,0,0,0,0,0,0,0,0,Unspecified,,,,,4640371,Sedan,,,,
06/21/2023,18:00,QUEENS,11367,40.718227,-73.81515,"(40.718227, -73.81515)",147 STREET,UNION TURNPIKE,,1,0,0,0,0,0,1,0,Following Too Closely,Unspecified,Unspecified,,,4639653,Station Wagon/Sport Utility Vehicle,Station Wagon/Sport Utility Vehicle,Station Wagon/Sport Utility Vehicle,,
06/21/2023,20:00,BROOKLYN,11235,40.58038,-73.967606,"(40.58038, -73.967606)",OCEAN PARKWAY,NEPTUNE AVENUE,,0,0,0,0,0,0,0,0,Following Too Closely,Unspecified,,,,4639733,Sedan,Sedan,,,
06/21/2023,10:46,BROOKLYN,11215,40.66303,-73.991684,"(40.66303, -73.991684)",18 STREET,5 AVENUE,,1,0,1,0,0,0,0,0,Unspecified,,,,,4640199,Sedan,,,,
06/21/2023,22:05,,,,,,BELT PARKWAY,,,1,0,0,0,0,0,1,0,Following Too Closely,Following Too Closely,Unspecified,,,4639942,Station Wagon/Sport Utility Vehicle,Sedan,Station Wagon/Sport Utility Vehicle,,
06/21/2023,21:02,BRONX,10463,40.877457,-73.9072,"(40.877457, -73.9072)",WEST 230 STREET,GODWIN TERRACE,,0,0,0,0,0,0,0,0,Passing or Lane Usage Improper,Unspecified,,,,4639714,Station Wagon/Sport Utility Vehicle,Station Wagon/Sport Utility Vehicle,,,
06/21/2023,1:00,QUEENS,11421,40.68932,-73.85699,"(40.68932, -73.85699)",,,89-10     86 STREET,0,0,0,0,0,0,0,0,Unspecified,,,,,4639436,Sedan,,,,
06/21/2023,11:00,BROOKLYN,11236,40.637493,-73.9102,"(40.637493, -73.9102)",,,8412      FLATLANDS AVENUE,0,0,0,0,0,0,0,0,Driver Inattention/Distraction,Unspecified,,,,4639631,Station Wagon/Sport Utility Vehicle,Sedan,,,
06/21/2023,10:28,MANHATTAN,10007,40.712982,-74.00731,"(40.712982, -74.00731)",,,250       BROADWAY,0,0,0,0,0,0,0,0,Unspecified,Unspecified,,,,4640254,Sedan,Ambulance,,,
06/21/2023,11:27,BROOKLYN,11225,40.65998,-73.9616,"(40.65998, -73.9616)",,,2101      BEEKMAN PLACE,0,0,0,0,0,0,0,0,Driver Inexperience,Unspecified,,,,4639766,Sedan,,,,
06/21/2023,18:41,,,40.732033,-73.91893,"(40.732033, -73.91893)",LONG ISLAND EXPRESSWAY,,,3,0,0,0,0,0,3,0,Driver Inattention/Distraction,Driver Inattention/Distraction,,,,4640323,Sedan,Box Truck,,,
06/21/2023,18:50,BROOKLYN,11225,40.66468,-73.95101,"(40.66468, -73.95101)",SULLIVAN PLACE,NOSTRAND AVENUE,,0,0,0,0,0,0,0,0,Failure to Yield Right-of-Way,Unspecified,,,,4639777,Pick-up Truck,Station Wagon/Sport Utility Vehicle,,,
06/21/2023,22:30,BROOKLYN,11211,40.707474,-73.95704,"(40.707474, -73.95704)",,,280       RODNEY STREET,0,0,0,0,0,0,0,0,Passing or Lane Usage Improper,Unspecified,,,,4640586,Sedan,Station Wagon/Sport Utility Vehicle,,,
06/21/2023,21:04,,,40.686996,-73.976555,"(40.686996, -73.976555)",LAFAYETTE AVENUE,,,1,0,1,0,0,0,0,0,Failure to Yield Right-of-Way,,,,,4639869,Station Wagon/Sport Utility Vehicle,,,,
06/21/2023,15:40,,,40.756767,-73.98272,"(40.756767, -73.98272)",AVENUE OF THE AMERICAS,,,0,0,0,0,0,0,0,0,Other Vehicular,Driver Inattention/Distraction,,,,4639746,Station Wagon/Sport Utility Vehicle,Station Wagon/Sport Utility Vehicle,,,
06/21/2023,23:07,BROOKLYN,11218,40.645504,-73.97062,"(40.645504, -73.97062)",,,504       CONEY ISLAND AVENUE,3,0,0,0,0,0,3,0,Unspecified,Unspecified,,,,4639675,Sedan,Sedan,,,
06/21/2023,16:53,,,,,,20 AVENUE,WHITESTONE EXPRESSWAY,,0,0,0,0,0,0,0,0,Passing or Lane Usage Improper,Unspecified,,,,4639792,Tractor Truck Diesel,Station Wagon/Sport Utility Vehicle,,,
06/21/2023,12:02,BROOKLYN,11229,40.60739,-73.943214,"(40.60739, -73.943214)",NOSTRAND AVENUE,AVENUE R,,1,0,1,0,0,0,0,0,Failure to Yield Right-of-Way,,,,,4639837,Tk,,,,
06/21/2023,7:56,,,40.882645,-73.886566,"(40.882645, -73.886566)",MOSHOLU PARKWAY,,,0,0,0,0,0,0,0,0,Unsafe Lane Changing,Unspecified,Unspecified,,,4640001,Station Wagon/Sport Utility Vehicle,Van,Station Wagon/Sport Utility Vehicle,,
06/21/2023,11:15,BROOKLYN,11218,40.64169,-73.96949,"(40.64169, -73.96949)",CONEY ISLAND AVENUE,SLOCUM PLACE,,0,0,0,0,0,0,0,0,Unspecified,Unspecified,Unspecified,,,4639850,Bus,Sedan,Sedan,,
06/21/2023,2:20,BRONX,10459,40.83342,-73.893135,"(40.83342, -73.893135)",WILKENS AVENUE,EAST 170 STREET,,1,0,0,0,0,0,1,0,Unsafe Lane Changing,Unspecified,,,,4639388,Station Wagon/Sport Utility Vehicle,Moped,,,
06/21/2023,23:15,,,40.58382,-73.970856,"(40.58382, -73.970856)",SHORE PARKWAY,,,2,0,0,0,0,0,2,0,Unsafe Speed,Unspecified,Unspecified,Unspecified,,4639713,Sedan,Sedan,Station Wagon/Sport Utility Vehicle,Station Wagon/Sport Utility Vehicle,
06/21/2023,19:02,MANHATTAN,10019,40.769474,-73.989395,"(40.769474, -73.989395)",,,521       WEST 57 STREET,0,0,0,0,0,0,0,0,Other Vehicular,Unspecified,,,,4639619,Sedan,Station Wagon/Sport Utility Vehicle,,,
06/21/2023,22:00,,,40.75066,-73.987785,"(40.75066, -73.987785)",WEST 35 STREET,,,0,0,0,0,0,0,0,0,Driver Inexperience,Unspecified,,,,4640426,Sedan,,,,
06/21/2023,14:00,BRONX,10469,40.86805,-73.83401,"(40.86805, -73.83401)",BARTOW AVENUE,GRACE AVENUE,,1,0,0,0,0,0,1,0,Failure to Yield Right-of-Way,Unspecified,Unspecified,,,4639803,Sedan,Sedan,Sedan,,
06/21/2023,17:30,BROOKLYN,11233,40.683437,-73.92917,"(40.683437, -73.92917)",REID AVENUE,MACON STREET,,2,0,0,0,0,0,2,0,Unspecified,Unspecified,,,,4640395,Station Wagon/Sport Utility Vehicle,Convertible,,,
06/21/2023,21:30,,,40.7672,-73.887825,"(40.7672, -73.887825)",GRAND CENTRAL PARKWAY,82 STREET,,0,0,0,0,0,0,0,0,Failure to Yield Right-of-Way,Unspecified,,,,4640471,Sedan,,,,
06/21/2023,12:45,BROOKLYN,11215,40.676506,-73.98276,"(40.676506, -73.98276)",,,597       PRESIDENT STREET,1,0,0,0,0,0,1,0,Driver Inexperience,Obstruction/Debris,,,,4639972,Sedan,Van,,,
06/21/2023,18:51,BROOKLYN,11236,40.632435,-73.88818,"(40.632435, -73.88818)",ROCKAWAY PARKWAY,SKIDMORE AVENUE,,0,0,0,0,0,0,0,0,Failure to Yield Right-of-Way,Unspecified,Unspecified,,,4639651,Sedan,Station Wagon/Sport Utility Vehicle,Station Wagon/Sport Utility Vehicle,,
06/21/2023,6:25,BROOKLYN,11235,40.587418,-73.95936,"(40.587418, -73.95936)",AVENUE Z,EAST 11 STREET,,0,0,0,0,0,0,0,0,Backing Unsafely,Unspecified,,,,4639670,Station Wagon/Sport Utility Vehicle,Sedan,,,
06/21/2023,10:00,QUEENS,11413,40.683018,-73.73304,"(40.683018, -73.73304)",128 AVENUE,233 STREET,,0,0,0,0,0,0,0,0,Unsafe Speed,Unspecified,Unspecified,Unspecified,,4639524,Station Wagon/Sport Utility Vehicle,Station Wagon/Sport Utility Vehicle,Sedan,Station Wagon/Sport Utility Vehicle,
06/21/2023,1:10,BROOKLYN,11234,40.6193,-73.91824,"(40.6193, -73.91824)",,,1403      EAST 59 STREET,0,0,0,0,0,0,0,0,Driver Inattention/Distraction,Unspecified,,,,4639906,Sedan,,,,
06/21/2023,22:45,STATEN ISLAND,10305,40.611893,-74.06542,"(40.611893, -74.06542)",,,19        SAINT JOHNS AVENUE,0,0,0,0,0,0,0,0,Backing Unsafely,Unspecified,,,,4639759,Sedan,,,,
06/21/2023,18:45,MANHATTAN,10023,40.779285,-73.983215,"(40.779285, -73.983215)",,,247       WEST 72 STREET,0,0,0,0,0,0,0,0,Passing or Lane Usage Improper,Unspecified,,,,4640041,Station Wagon/Sport Utility Vehicle,,,,
06/21/2023,18:00,,,,,,HOME LAWN STREET,GRAND CENTRAL PARKWAY,,1,0,0,0,0,0,1,0,Unspecified,Unspecified,,,,4639655,Sedan,Sedan,,,
06/21/2023,6:55,MANHATTAN,10019,40.76509,-73.97663,"(40.76509, -73.97663)",,,1420      AVENUE OF THE AMERICAS,1,0,0,0,0,0,1,0,Driver Inattention/Distraction,Driver Inattention/Distraction,,,,4639521,Station Wagon/Sport Utility Vehicle,Sedan,,,
06/21/2023,7:35,STATEN ISLAND,10312,40.56152,-74.17186,"(40.56152, -74.17186)",ARTHUR KILL ROAD,DRUMGOOLE ROAD WEST,,1,0,0,0,0,0,1,0,Reaction to Uninvolved Vehicle,Unspecified,,,,4640576,Sedan,Station Wagon/Sport Utility Vehicle,,,
06/21/2023,18:10,,,40.585056,-73.928894,"(40.585056, -73.928894)",BELT PARKWAY,,,0,0,0,0,0,0,0,0,Unsafe Lane Changing,Unspecified,,,,4639830,Station Wagon/Sport Utility Vehicle,Sedan,,,
06/21/2023,12:03,QUEENS,11435,40.698692,-73.8057,"(40.698692, -73.8057)",95 AVENUE,147 PLACE,,0,0,0,0,0,0,0,0,Oversized Vehicle,Passing Too Closely,,,,4639613,Tractor Truck Diesel,Sedan,,,
06/21/2023,9:15,BROOKLYN,11218,40.645123,-73.986916,"(40.645123, -73.986916)",,,3525      FORT HAMILTON PARKWAY,1,0,0,0,1,0,0,0,Driver Inattention/Distraction,Unspecified,,,,4639469,Station Wagon/Sport Utility Vehicle,Bike,,,
06/21/2023,12:30,MANHATTAN,10029,40.78985,-73.95016,"(40.78985, -73.95016)",,,1330      PARK AVENUE,0,0,0,0,0,0,0,0,Accelerator Defective,,,,,4639690,Taxi,,,,
06/21/2023,23:09,MANHATTAN,10022,40.75513,-73.96525,"(40.75513, -73.96525)",EAST 52 STREET,1 AVENUE,,0,0,0,0,0,0,0,0,Failure to Yield Right-of-Way,Driver Inattention/Distraction,,,,4639945,Taxi,E-Bike,,,
06/21/2023,11:00,,,40.678097,-74.00235,"(40.678097, -74.00235)",BROOKLYN QUEENS EXPRESSWAY,,,1,0,0,0,0,0,1,0,Alcohol Involvement,Following Too Closely,,,,4639639,Station Wagon/Sport Utility Vehicle,Tractor Truck Gasoline,,,
06/21/2023,1:23,STATEN ISLAND,10301,40.618603,-74.09148,"(40.618603, -74.09148)",,,488       HOWARD AVENUE,0,0,0,0,0,0,0,0,Unspecified,,,,,4639768,Sedan,,,,
06/21/2023,23:30,MANHATTAN,10039,40.83044,-73.936356,"(40.83044, -73.936356)",,,2949      8 AVENUE,0,0,0,0,0,0,0,0,Passing Too Closely,,,,,4639738,Ambulance,,,,
06/21/2023,10:00,QUEENS,11434,40.67253,-73.77119,"(40.67253, -73.77119)",169 STREET,137 AVENUE,,0,0,0,0,0,0,0,0,Unspecified,,,,,4640368,Sedan,,,,
06/21/2023,7:28,MANHATTAN,10002,40.710094,-73.9898,"(40.710094, -73.9898)",SOUTH STREET,RUTGERS SLIP,,4,0,0,0,0,0,4,0,Driver Inattention/Distraction,Unspecified,Unspecified,,,4639635,Sedan,Bus,Tractor Truck Gasoline,,
06/21/2023,8:00,BRONX,10461,40.84409,-73.829666,"(40.84409, -73.829666)",HOLLYWOOD AVENUE,MIDDLETOWN ROAD,,2,0,0,0,2,0,0,0,Unspecified,Unspecified,,,,4639592,Station Wagon/Sport Utility Vehicle,Bike,,,
06/21/2023,8:00,,,40.636784,-74.018974,"(40.636784, -74.018974)",65 STREET,5 AVENUE,,1,0,0,0,0,0,1,0,Driver Inattention/Distraction,Unspecified,Unspecified,,,4640036,Station Wagon/Sport Utility Vehicle,Station Wagon/Sport Utility Vehicle,Station Wagon/Sport Utility Vehicle,,
06/21/2023,18:44,,,40.713078,-73.98507,"(40.713078, -73.98507)",MONTGOMERY STREET,,,0,0,0,0,0,0,0,0,Passing or Lane Usage Improper,Unspecified,,,,4639919,Sedan,Box Truck,,,
06/21/2023,13:20,,,40.658527,-73.939575,"(40.658527, -73.939575)",ALBANY AVENUE,,,1,0,0,0,0,0,1,0,Passing or Lane Usage Improper,Driver Inattention/Distraction,,,,4640177,Station Wagon/Sport Utility Vehicle,Station Wagon/Sport Utility Vehicle,,,
06/21/2023,22:40,,,40.66484,-73.82229,"(40.66484, -73.82229)",BELT PARKWAY,,,4,0,0,0,0,0,4,0,Unsafe Lane Changing,Unspecified,Unspecified,,,4639661,Sedan,Station Wagon/Sport Utility Vehicle,Station Wagon/Sport Utility Vehicle,,
06/21/2023,19:11,,,40.802467,-73.958694,"(40.802467, -73.958694)",MANHATTAN AVENUE,,,1,0,0,0,1,0,0,0,Failure to Yield Right-of-Way,Unspecified,,,,4639809,E-Scooter,Bike,,,
06/21/2023,8:00,STATEN ISLAND,10306,40.566715,-74.13769,"(40.566715, -74.13769)",CLARKE AVENUE,AMBER STREET,,0,0,0,0,0,0,0,0,Traffic Control Disregarded,Unspecified,,,,4639560,Station Wagon/Sport Utility Vehicle,Pick-up Truck,,,
06/21/2023,9:07,QUEENS,11419,40.69405,-73.82802,"(40.69405, -73.82802)",ATLANTIC AVENUE,LEFFERTS BOULEVARD,,1,0,1,0,0,0,0,0,Failure to Yield Right-of-Way,,,,,4639442,Sedan,,,,
06/21/2023,6:50,,,40.640224,-74.13667,"(40.640224, -74.13667)",RICHMOND TERRACE,SHARPE AVENUE,,0,0,0,0,0,0,0,0,Unspecified,,,,,4639696,Bus,,,,
06/21/2023,19:59,QUEENS,11411,40.694458,-73.7439,"(40.694458, -73.7439)",,,216-10    118 AVENUE,2,0,0,0,0,0,2,0,Driver Inattention/Distraction,Driver Inattention/Distraction,,,,4639665,Station Wagon/Sport Utility Vehicle,Station Wagon/Sport Utility Vehicle,,,
06/21/2023,0:00,MANHATTAN,10065,40.76311,-73.962524,"(40.76311, -73.962524)",EAST 63 STREET,2 AVENUE,,0,0,0,0,0,0,0,0,Driver Inattention/Distraction,Unspecified,,,,4640013,Sedan,,,,
06/21/2023,11:15,,,40.702858,-73.863625,"(40.702858, -73.863625)",JACKIE ROBINSON PKWY,,,2,0,0,0,0,0,2,0,Unsafe Lane Changing,Unspecified,,,,4640024,Station Wagon/Sport Utility Vehicle,Sedan,,,
06/21/2023,15:00,BROOKLYN,11239,40.64962,-73.874306,"(40.64962, -73.874306)",,,339       GATEWAY DRIVE,0,0,0,0,0,0,0,0,Unspecified,,,,,4639985,Station Wagon/Sport Utility Vehicle,,,,
06/21/2023,13:25,QUEENS,11377,40.74466,-73.906815,"(40.74466, -73.906815)",58 STREET,41 AVENUE,,0,0,0,0,0,0,0,0,Failure to Yield Right-of-Way,Unspecified,,,,4640460,Pick-up Truck,Sedan,,,
06/21/2023,12:20,,,40.578938,-73.98522,"(40.578938, -73.98522)",NEPTUNE AVENUE,,,0,0,0,0,0,0,0,0,Passing Too Closely,Unspecified,,,,4639719,Bus,Station Wagon/Sport Utility Vehicle,,,
06/21/2023,8:45,BROOKLYN,11236,40.63274,-73.918686,"(40.63274, -73.918686)",,,1772A     RALPH AVENUE,0,0,0,0,0,0,0,0,Driver Inattention/Distraction,Unspecified,Unspecified,,,4639907,Sedan,Station Wagon/Sport Utility Vehicle,Pick-up Truck,,
06/21/2023,12:10,BRONX,10462,40.852978,-73.86203,"(40.852978, -73.86203)",,,2062      MULINER AVENUE,0,0,0,0,0,0,0,0,Aggressive Driving/Road Rage,,,,,4640093,Sedan,,,,
06/21/2023,15:36,BROOKLYN,11209,40.631283,-74.02786,"(40.631283, -74.02786)",,,7515      3 AVENUE,1,0,0,0,0,0,1,0,Driver Inexperience,Unspecified,Unspecified,Unspecified,,4639620,Box Truck,Sedan,Sedan,Pick-up Truck,
06/21/2023,17:21,BRONX,10463,40.87802,-73.90241,"(40.87802, -73.90241)",WEST 231 STREET,BAILEY AVENUE,,0,0,0,0,0,0,0,0,Unspecified,Unspecified,,,,4639934,Bus,Sedan,,,
06/21/2023,8:22,BROOKLYN,11205,40.69685,-73.97057,"(40.69685, -73.97057)",,,35        VANDERBILT AVENUE,1,0,0,0,1,0,0,0,Driver Inattention/Distraction,Unspecified,,,,4639611,Station Wagon/Sport Utility Vehicle,Bike,,,
06/21/2023,19:00,BROOKLYN,11209,40.630287,-74.037094,"(40.630287, -74.037094)",,,7917      NARROWS AVENUE,0,0,0,0,0,0,0,0,Driver Inattention/Distraction,Unspecified,,,,4639656,Station Wagon/Sport Utility Vehicle,Station Wagon/Sport Utility Vehicle,,,
06/21/2023,12:14,BRONX,10456,40.832024,-73.9159,"(40.832024, -73.9159)",MCCLELLAN STREET,GRANT AVENUE,,0,0,0,0,0,0,0,0,Backing Unsafely,Unspecified,,,,4639967,Sedan,Box Truck,,,
06/21/2023,9:45,QUEENS,11432,40.715023,-73.80765,"(40.715023, -73.80765)",PARSONS BOULEVARD,COOLIDGE AVENUE,,1,0,0,0,0,0,1,0,Passing Too Closely,Following Too Closely,,,,4639960,Motorcycle,Sedan,,,
06/21/2023,10:45,QUEENS,11422,40.665558,-73.72985,"(40.665558, -73.72985)",HOOK CREEK BOULEVARD,SUNRISE HIGHWAY,,0,0,0,0,0,0,0,0,Driver Inattention/Distraction,Unspecified,,,,4639525,Sedan,Station Wagon/Sport Utility Vehicle,,,
06/21/2023,17:30,QUEENS,11374,40.719975,-73.86524,"(40.719975, -73.86524)",WOODHAVEN BOULEVARD,65 AVENUE,,0,0,0,0,0,0,0,0,Driver Inattention/Distraction,Unspecified,,,,4640051,Motorcycle,Station Wagon/Sport Utility Vehicle,,,
06/21/2023,16:25,,,40.74803,-73.83315,"(40.74803, -73.83315)",BOOTH MEMORIAL AVENUE,COLLEGE POINT BOULEVARD,,0,0,0,0,0,0,0,0,Failure to Yield Right-of-Way,Failure to Yield Right-of-Way,,,,4639791,Tractor Truck Gasoline,Sedan,,,
06/21/2023,17:15,STATEN ISLAND,10304,40.623585,-74.08278,"(40.623585, -74.08278)",BROAD STREET,GORDON STREET,,0,0,0,0,0,0,0,0,Unspecified,,,,,4640017,Sedan,,,,
06/21/2023,5:10,QUEENS,11419,40.689594,-73.825836,"(40.689594, -73.825836)",,,101-44    LEFFERTS BOULEVARD,0,0,0,0,0,0,0,0,Passing Too Closely,Passing or Lane Usage Improper,,,,4639389,Sedan,Station Wagon/Sport Utility Vehicle,,,
06/21/2023,11:50,BROOKLYN,11210,40.62747,-73.95184,"(40.62747, -73.95184)",,,3077      BEDFORD AVENUE,0,0,0,0,0,0,0,0,Unspecified,Unspecified,,,,4639851,Bus,Sedan,,,
06/21/2023,11:37,QUEENS,11377,40.759697,-73.90092,"(40.759697, -73.90092)",,,62-35     30 AVENUE,1,0,0,0,0,0,1,0,Passing or Lane Usage Improper,Unspecified,,,,4639712,Motorcycle,Station Wagon/Sport Utility Vehicle,,,
06/21/2023,17:20,BRONX,10465,40.87829,-73.87006,"(40.87829, -73.87006)",EAST GUN HILL ROAD,BRONX RIVER PARKWAY,,2,0,0,0,0,0,2,0,Following Too Closely,Unspecified,,,,4639756,Sedan,Station Wagon/Sport Utility Vehicle,,,
06/21/2023,17:30,BRONX,10465,40.84334,-73.82515,"(40.84334, -73.82515)",DWIGHT PLACE,MACDONOUGH PLACE,,0,0,0,0,0,0,0,0,Unspecified,Unspecified,,,,4640061,Sedan,Station Wagon/Sport Utility Vehicle,,,
06/21/2023,18:43,BROOKLYN,11207,40.651352,-73.89275,"(40.651352, -73.89275)",WILLIAMS AVENUE,GLENWOOD ROAD,,0,0,0,0,0,0,0,0,Traffic Control Disregarded,Unspecified,,,,4639649,Sedan,,,,
06/21/2023,9:15,,,40.591877,-73.79136,"(40.591877, -73.79136)",ROCKAWAY BEACH BOULEVARD,,,0,0,0,0,0,0,0,0,Turning Improperly,Unspecified,,,,4639514,Station Wagon/Sport Utility Vehicle,,,,
06/21/2023,16:30,BROOKLYN,11229,40.59779,-73.946236,"(40.59779, -73.946236)",BEDFORD AVENUE,AVENUE V,,0,0,0,0,0,0,0,0,Unspecified,Unspecified,,,,4639669,Sedan,Sedan,,,
06/21/2023,19:20,QUEENS,11374,40.725945,-73.85977,"(40.725945, -73.85977)",AUSTIN STREET,65 ROAD,,0,0,0,0,0,0,0,0,Driver Inattention/Distraction,Unspecified,,,,4639745,Sedan,,,,
06/21/2023,12:15,,,40.743187,-73.97207,"(40.743187, -73.97207)",EAST 34 STREET,FDR DRIVE,,0,0,0,0,0,0,0,0,Passing Too Closely,Outside Car Distraction,,,,4639800,Sedan,Sedan,,,
06/21/2023,7:55,BROOKLYN,11204,40.61464,-73.987816,"(40.61464, -73.987816)",,,6819      20 AVENUE,1,0,0,0,1,0,0,0,Driver Inattention/Distraction,Unspecified,,,,4640447,Station Wagon/Sport Utility Vehicle,Bike,,,
06/21/2023,15:54,QUEENS,11434,40.6707,-73.77366,"(40.6707, -73.77366)",BREWER BOULEVARD,140 AVENUE,,0,0,0,0,0,0,0,0,Traffic Control Disregarded,Traffic Control Disregarded,,,,4640369,Taxi,Sedan,,,
06/21/2023,4:00,MANHATTAN,10065,40.762802,-73.965675,"(40.762802, -73.965675)",3 AVENUE,EAST 61 STREET,,0,0,0,0,0,0,0,0,Driver Inattention/Distraction,Unspecified,,,,4640010,Taxi,,,,
06/21/2023,17:25,,,,,,THROGS NECK EXPRESSWAY,LAWTON AVENUE,,0,0,0,0,0,0,0,0,Unsafe Lane Changing,Unspecified,,,,4639770,Sedan,Tractor Truck Diesel,,,
